"feature","coefficient","p_value"
"19",-0.0487950036474267,0.908654487655341
"22",0.263477777620917,0.528366470576909
"23",0.381881307912987,0.350540724872591
"28",-0.142857142857143,0.75203373015873
"30",-0.19047619047619,0.664583333333333
"31",-0.0476190476190476,0.934871031746032
"32",NA,NA
"33",-0.19047619047619,0.664583333333333
"53",0.0952380952380952,0.840128968253968
"57",-0.428571428571429,0.299206349206349
"58",-0.215572727144387,0.608149066368405
"59",-0.214285714285714,0.619097222222222
"73",-0.357142857142857,0.389384920634921
"74",-0.214285714285714,0.619097222222222
"87",-0.166666666666667,0.703323412698413
"153",0.381881307912987,0.350540724872591
"165",-0.119047619047619,0.793005952380952
"182",0.0238095238095238,0.976785714285714
"194",0.142857142857143,0.75203373015873
"195",0.214285714285714,0.619097222222222
"213",0.214285714285714,0.619097222222222
"214",0.0476190476190476,0.934871031746032
"216",-0.19047619047619,0.664583333333333
"217",-0.0952380952380952,0.840128968253968
"219",0.714285714285714,0.0575892857142857
"224",-0.119047619047619,0.793005952380952
"231",0.0238095238095238,0.976785714285714
"232",0.0238095238095238,0.976785714285714
"235",-0.0952380952380952,0.840128968253968
"236",-0.119047619047619,0.793005952380952
"238",-0.285714285714286,0.500793650793651
"248",-0.452380952380952,0.267460317460317
"262",-0.452380952380952,0.267460317460317
"263",-0.261904761904762,0.53640873015873
"315",0,1
"322",0,1
"353",0,1
"360",0,1
"373",-0.0476190476190476,0.934871031746032
"374",-0.0476190476190476,0.934871031746032
"375",-0.0476190476190476,0.934871031746032
"382",-0.0239525252382652,0.955106189878913
"408",0.0714285714285714,0.881994047619048
"413",0.0476190476190476,0.934871031746032
"414",-0.30952380952381,0.461805555555556
"415",-0.0476190476190476,0.934871031746032
"421",0.333333333333333,0.427876984126984
"422",0.333333333333333,0.427876984126984
"424",0.238095238095238,0.582142857142857
"425",-0.261904761904762,0.53640873015873
"429",-0.0238095238095238,0.976785714285714
"433",0.19047619047619,0.664583333333333
"436",-0.0952380952380952,0.840128968253968
"482",-0.0952380952380952,0.840128968253968
"489",-0.30952380952381,0.461805555555556
"502",-0.214285714285714,0.619097222222222
"508",-0.619047619047619,0.114980158730159
"543",-0.595238095238095,0.132291666666667
"550",0.0359287878573978,0.932691474909088
"553",0.119047619047619,0.793005952380952
"557",0.30952380952381,0.461805555555556
"564",-0.0476190476190476,0.934871031746032
"565",0.166666666666667,0.703323412698413
"566",0.166666666666667,0.703323412698413
"568",0.285714285714286,0.500793650793651
"574",0.0238095238095238,0.976785714285714
"575",0.0476190476190476,0.934871031746032
"578",0.0476190476190476,0.934871031746032
"579",0.0476190476190476,0.934871031746032
"583",-0.19047619047619,0.664583333333333
"584",0,1
"585",-0.0476190476190476,0.934871031746032
"586",0.0476190476190476,0.934871031746032
"590",-0.119047619047619,0.793005952380952
"593",-0.19047619047619,0.664583333333333
"594",-0.285714285714286,0.500793650793651
"595",0.0476190476190476,0.934871031746032
"596",-0.476190476190476,0.243055555555556
"598",-0.119047619047619,0.793005952380952
"599",-0.214285714285714,0.619097222222222
"600",-0.19047619047619,0.664583333333333
"601",0,1
"602",-0.142857142857143,0.75203373015873
"603",-0.0952380952380952,0.840128968253968
"604",0.0476190476190476,0.934871031746032
"605",-0.142857142857143,0.75203373015873
"606",-0.0476190476190476,0.934871031746032
"611",0,1
"612",-0.285714285714286,0.500793650793651
"625",0.0714285714285714,0.881994047619048
"633",-0.380952380952381,0.359871031746032
"701",0.261904761904762,0.53640873015873
"713",0.0476190476190476,0.934871031746032
"722",0.0476190476190476,0.934871031746032
"725",-0.714285714285714,0.0575892857142857
"739",0.142857142857143,0.75203373015873
"743",0.0238095238095238,0.976785714285714
"747",-0.357142857142857,0.389384920634921
"748",-0.119047619047619,0.793005952380952
"753",-0.0714285714285714,0.881994047619048
"766",-0.0476190476190476,0.934871031746032
"771",0.357142857142857,0.389384920634921
"775",-0.166666666666667,0.703323412698413
"776",-0.5,0.216170634920635
"777",0.166666666666667,0.703323412698413
"778",0.261904761904762,0.53640873015873
"781",0.131738888810459,0.755832636259335
"782",0.238095238095238,0.582142857142857
"798",-0.0476190476190476,0.934871031746032
"806",-0.238095238095238,0.582142857142857
"808",0.595238095238095,0.132291666666667
"809",0.595238095238095,0.132291666666667
"811",0.404761904761905,0.326835317460317
"822",0.547619047619048,0.170982142857143
"823",0,1
"828",0.714285714285714,0.0575892857142857
"835",0.285714285714286,0.500793650793651
"836",0.80952380952381,0.0217757936507936
"837",0.857142857142857,0.0107142857142857
"844",0.333333333333333,0.427876984126984
"846",0.880952380952381,0.00724206349206349
"851",0.904761904761905,0.00456349206349206
"855",0.333333333333333,0.427876984126984
"858",0.285714285714286,0.500793650793651
"862",0.166666666666667,0.703323412698413
"875",0.142857142857143,0.75203373015873
"884",-0.357142857142857,0.389384920634921
"886",0.428571428571429,0.299206349206349
"887",-0.547619047619048,0.170982142857143
"888",-0.547619047619048,0.170982142857143
"895",0.571428571428572,0.151140873015873
"901",-0.333333333333333,0.427876984126984
"903",0.428571428571429,0.299206349206349
"909",-0.428571428571429,0.299206349206349
"916",-0.214285714285714,0.619097222222222
"917",-0.0476190476190476,0.934871031746032
"919",0.0952380952380952,0.840128968253968
"983",-0.238095238095238,0.582142857142857
"988",0.19047619047619,0.664583333333333
"993",0.214285714285714,0.619097222222222
"996",0.428571428571429,0.299206349206349
"1058",0.547619047619048,0.170982142857143
"1063",0.523809523809524,0.196626984126984
"1066",-0.0476190476190476,0.934871031746032
"1068",0.642857142857143,0.0961805555555556
"1083",-0.166666666666667,0.703323412698413
"1085",0.0476190476190476,0.934871031746032
"1087",0.571428571428572,0.151140873015873
"1089",-0.380952380952381,0.359871031746032
"1096",-0.0238095238095238,0.976785714285714
"1097",0.0952380952380952,0.840128968253968
"1108",0.523809523809524,0.196626984126984
"1119",0.19047619047619,0.664583333333333
"1120",0.571428571428572,0.151140873015873
"1122",0.285714285714286,0.500793650793651
"1126",0.5,0.216170634920635
"1131",0.380952380952381,0.359871031746032
"1132",0.238095238095238,0.582142857142857
"1140",0.428571428571429,0.299206349206349
"1147",0.30952380952381,0.461805555555556
"1150",0.19047619047619,0.664583333333333
"1151",0.30952380952381,0.461805555555556
"1152",0.142857142857143,0.75203373015873
"1162",0.452380952380952,0.267460317460317
"1164",0.428571428571429,0.299206349206349
"1173",0.142857142857143,0.75203373015873
"1174",0.214285714285714,0.619097222222222
"1179",-0.0359287878573978,0.932691474909088
"1200",-0.214285714285714,0.619097222222222
"1205",0.166666666666667,0.703323412698413
"1208",0.595238095238095,0.132291666666667
"1209",0.214285714285714,0.619097222222222
"1217",-0.19047619047619,0.664583333333333
"1218",0,1
"1222",-0.285714285714286,0.500793650793651
"1223",-0.380952380952381,0.359871031746032
"1227",-0.30952380952381,0.461805555555556
"1233",-0.0238095238095238,0.976785714285714
"1239",-0.0238095238095238,0.976785714285714
"1247",0.214285714285714,0.619097222222222
"1253",0.142857142857143,0.75203373015873
"1254",0.0476190476190476,0.934871031746032
"1255",0.142857142857143,0.75203373015873
"1266",0.142857142857143,0.75203373015873
"1273",0.285714285714286,0.500793650793651
"1289",0.119047619047619,0.793005952380952
"1312",0.666666666666667,0.0830853174603175
"1336",0.428571428571429,0.299206349206349
"1340",0.261904761904762,0.53640873015873
"1354",-0.19047619047619,0.664583333333333
"1355",0.404761904761905,0.326835317460317
"1356",0.0952380952380952,0.840128968253968
"1357",-0.19047619047619,0.664583333333333
"1359",-0.142857142857143,0.75203373015873
"1360",-0.333333333333333,0.427876984126984
"1361",-0.30952380952381,0.461805555555556
"1362",0.0952380952380952,0.840128968253968
"1364",0.0952380952380952,0.840128968253968
"1365",-0.238095238095238,0.582142857142857
"1368",0.0952380952380952,0.840128968253968
"1371",0.285714285714286,0.500793650793651
"1377",0.5,0.216170634920635
"1379",-0.738095238095238,0.0458333333333333
"1382",-0.119047619047619,0.793005952380952
"1384",-0.238095238095238,0.582142857142857
"1385",0.214285714285714,0.619097222222222
"1391",-0.0476190476190476,0.934871031746032
"1393",0.0476190476190476,0.934871031746032
"1395",-0.238095238095238,0.582142857142857
"1400",-0.642857142857143,0.0961805555555556
"1401",0.380952380952381,0.359871031746032
"1410",0.19047619047619,0.664583333333333
"1416",-0.0714285714285714,0.881994047619048
"1419",-0.30952380952381,0.461805555555556
"1422",-0.380952380952381,0.359871031746032
"1429",-0.119047619047619,0.793005952380952
"1431",0.142857142857143,0.75203373015873
"1433",-0.142857142857143,0.75203373015873
"1443",0.30952380952381,0.461805555555556
"1451",0.404761904761905,0.326835317460317
"1454",-0.0238095238095238,0.976785714285714
"1455",0.547619047619048,0.170982142857143
"1456",-0.333333333333333,0.427876984126984
"1458",-0.0952380952380952,0.840128968253968
"1459",-0.380952380952381,0.359871031746032
"1460",0.0952380952380952,0.840128968253968
"1464",-0.0238095238095238,0.976785714285714
"1467",-0.666666666666667,0.0830853174603175
"1473",-0.0714285714285714,0.881994047619048
"1475",-0.0476190476190476,0.934871031746032
"1476",0.0476190476190476,0.934871031746032
"1484",-0.261904761904762,0.53640873015873
"1488",-0.0476190476190476,0.934871031746032
"1498",-0.166666666666667,0.703323412698413
"1502",-0.452380952380952,0.267460317460317
"1506",-0.19047619047619,0.664583333333333
"1516",-0.523809523809524,0.196626984126984
"1525",-0.642857142857143,0.0961805555555556
"1527",-0.142857142857143,0.75203373015873
"1553",0.166666666666667,0.703323412698413
"1558",0.333333333333333,0.427876984126984
"1559",-0.452380952380952,0.267460317460317
"1562",-0.19047619047619,0.664583333333333
"1564",-0.119047619047619,0.793005952380952
"1567",0.0238095238095238,0.976785714285714
"1568",0.0476190476190476,0.934871031746032
"1569",-0.30952380952381,0.461805555555556
"1570",0.238095238095238,0.582142857142857
"1574",0.452380952380952,0.267460317460317
"1575",0.571428571428572,0.151140873015873
"1586",-0.285714285714286,0.500793650793651
"1588",0.30952380952381,0.461805555555556
"1592",0,1
"1600",-0.0952380952380952,0.840128968253968
"1601",-0.0714285714285714,0.881994047619048
"1605",0.571428571428572,0.151140873015873
"1617",0,1
"1620",0.0714285714285714,0.881994047619048
"1621",0.0714285714285714,0.881994047619048
"1624",0.357142857142857,0.389384920634921
"1626",-0.333333333333333,0.427876984126984
"1627",-0.119047619047619,0.793005952380952
"1629",0.119047619047619,0.793005952380952
"1631",-0.0476190476190476,0.934871031746032
"1632",0.166666666666667,0.703323412698413
"1633",-0.119047619047619,0.793005952380952
"1635",-0.19047619047619,0.664583333333333
"1640",-0.119047619047619,0.793005952380952
"1660",0.142857142857143,0.75203373015873
"1662",0.357142857142857,0.389384920634921
"1664",0.142857142857143,0.75203373015873
"1670",0.19047619047619,0.664583333333333
"1686",0.238095238095238,0.582142857142857
"1688",0.285714285714286,0.500793650793651
"1689",0.0476190476190476,0.934871031746032
"1690",0.285714285714286,0.500793650793651
"1696",-0.142857142857143,0.75203373015873
"1697",0.30952380952381,0.461805555555556
"1698",0.261904761904762,0.53640873015873
"1706",-0.19047619047619,0.664583333333333
"1709",0.333333333333333,0.427876984126984
"1710",-0.0952380952380952,0.840128968253968
"1712",0.119047619047619,0.793005952380952
"1714",-0.119047619047619,0.793005952380952
"1715",0.333333333333333,0.427876984126984
"1716",-0.523809523809524,0.196626984126984
"1717",0.571428571428572,0.151140873015873
"1723",-0.0714285714285714,0.881994047619048
"1727",-0.285714285714286,0.500793650793651
"1729",0.19047619047619,0.664583333333333
"1730",0.619047619047619,0.114980158730159
"1731",0.119047619047619,0.793005952380952
"1734",0.333333333333333,0.427876984126984
"1736",0.619047619047619,0.114980158730159
"1737",-0.238095238095238,0.582142857142857
"1742",-0.547619047619048,0.170982142857143
"1744",0.380952380952381,0.359871031746032
"1746",0.0952380952380952,0.840128968253968
"1747",0.19047619047619,0.664583333333333
"1748",0.523809523809524,0.196626984126984
"1749",-0.0119762626191326,0.977546654703887
"1754",0.214285714285714,0.619097222222222
"1757",-0.166666666666667,0.703323412698413
"1760",-0.0487950036474267,0.908654487655341
"1761",-0.0311739843194275,0.941586637631995
"1764",-0.0311739843194275,0.941586637631995
"1770",-0.0238095238095238,0.976785714285714
"1771",0,1
"1779",0.119047619047619,0.793005952380952
"1780",0.412393049421161,0.309958735506241
"1781",0.357142857142857,0.389384920634921
"1784",0.333333333333333,0.427876984126984
"1785",-0.164887544065348,0.696393832186744
"1786",0.0952380952380952,0.840128968253968
"1788",0.30952380952381,0.461805555555556
"1795",0.595238095238095,0.132291666666667
"1798",0.714285714285714,0.0575892857142857
"1799",-0.142857142857143,0.75203373015873
"1800",-0.30952380952381,0.461805555555556
"1801",0.523809523809524,0.196626984126984
"1802",-0.833333333333333,0.0153769841269841
"1803",-0.0714285714285714,0.881994047619048
"1806",0.142857142857143,0.75203373015873
"1808",-0.404761904761905,0.326835317460317
"1809",0.412393049421161,0.309958735506241
"1811",-0.0714285714285714,0.881994047619048
"1812",0.261904761904762,0.53640873015873
"1813",0.187043905916565,0.657386587319591
"1814",0.357142857142857,0.389384920634921
"1817",0.333333333333333,0.427876984126984
"1818",-0.164887544065348,0.696393832186744
"1820",0.412393049421161,0.309958735506241
"1823",0.595238095238095,0.132291666666667
"1825",0.214285714285714,0.619097222222222
"1826",0.285714285714286,0.500793650793651
"1828",0.666666666666667,0.0830853174603175
"1829",0.476190476190476,0.243055555555556
"1830",0.547619047619048,0.170982142857143
"1831",0.619047619047619,0.114980158730159
"1832",0.738095238095238,0.0458333333333333
"1836",0.333333333333333,0.427876984126984
"1837",-0.285714285714286,0.500793650793651
"1841",-0.119047619047619,0.793005952380952
"1847",0.285714285714286,0.500793650793651
"1856",0.476190476190476,0.243055555555556
"1867",-0.0952380952380952,0.840128968253968
"1868",0.19047619047619,0.664583333333333
"1869",0.19047619047619,0.664583333333333
"1870",-0.238095238095238,0.582142857142857
"1879",0.333333333333333,0.427876984126984
"1881",-0.261904761904762,0.53640873015873
"1883",-0.238095238095238,0.582142857142857
"1884",-0.214285714285714,0.619097222222222
"1885",0.0952380952380952,0.840128968253968
"1887",-0.214285714285714,0.619097222222222
"1889",0.404761904761905,0.326835317460317
"1890",0.0714285714285714,0.881994047619048
"1891",-0.214285714285714,0.619097222222222
"1894",-0.428571428571429,0.299206349206349
"1896",-0.285714285714286,0.500793650793651
"1897",-0.214285714285714,0.619097222222222
"1903",-0.238095238095238,0.582142857142857
"1904",-0.214285714285714,0.619097222222222
"1905",-0.0952380952380952,0.840128968253968
"1906",-0.0476190476190476,0.934871031746032
"1914",-0.0952380952380952,0.840128968253968
"1915",-0.19047619047619,0.664583333333333
"1920",0.166666666666667,0.703323412698413
"1921",-0.261904761904762,0.53640873015873
"1922",0.0238095238095238,0.976785714285714
"1924",-0.238095238095238,0.582142857142857
"1925",-0.261904761904762,0.53640873015873
"1929",-0.285714285714286,0.500793650793651
"1930",-0.0952380952380952,0.840128968253968
"1933",-0.19047619047619,0.664583333333333
"1939",-0.0952380952380952,0.840128968253968
"1941",-0.523809523809524,0.196626984126984
"1942",-0.142857142857143,0.75203373015873
"1948",0,1
"1957",-0.619047619047619,0.114980158730159
"1987",-0.380952380952381,0.359871031746032
"1997",0.261904761904762,0.53640873015873
"2007",0.761904761904762,0.0367559523809524
"2008",-0.0952380952380952,0.840128968253968
"2014",-0.166666666666667,0.703323412698413
"2015",-0.0238095238095238,0.976785714285714
"2018",0.523809523809524,0.196626984126984
"2019",0.5,0.216170634920635
"2022",-0.380952380952381,0.359871031746032
"2026",0.0714285714285714,0.881994047619048
"2046",0.833333333333333,0.0153769841269841
"2085",-0.404761904761905,0.326835317460317
"2088",-0.880952380952381,0.00724206349206349
"2090",0.404761904761905,0.326835317460317
"2101",0.619047619047619,0.114980158730159
"2107",-0.285714285714286,0.500793650793651
"2108",0.261904761904762,0.53640873015873
"2113",0.0952380952380952,0.840128968253968
"2115",NA,NA
"2116",0.0238095238095238,0.976785714285714
"2141",NA,NA
"2148",-0.285714285714286,0.500793650793651
"2156",-0.714285714285714,0.0575892857142857
"2159",-0.357142857142857,0.389384920634921
"2163",0.19047619047619,0.664583333333333
"2164",0.142857142857143,0.75203373015873
"2165",0.428571428571429,0.299206349206349
"2174",0.333333333333333,0.427876984126984
"2183",-0.142857142857143,0.75203373015873
"2188",-0.0952380952380952,0.840128968253968
"2189",0,1
"2206",-0.547619047619048,0.170982142857143
"2207",0.0714285714285714,0.881994047619048
"2213",0.0952380952380952,0.840128968253968
"2221",0.357142857142857,0.389384920634921
"2239",-0.166666666666667,0.703323412698413
"2240",-0.166666666666667,0.703323412698413
"2242",0,1
"2248",-0.285714285714286,0.500793650793651
"2250",-0.333333333333333,0.427876984126984
"2268",-0.30952380952381,0.461805555555556
"2283",-0.452380952380952,0.267460317460317
"2286",-0.452380952380952,0.267460317460317
"2287",-0.547619047619048,0.170982142857143
"2310",0.718575757147955,0.0446226100244192
"2313",0.238095238095238,0.582142857142857
"2318",0.619047619047619,0.114980158730159
"2324",0.285714285714286,0.500793650793651
"2326",0.452380952380952,0.267460317460317
"2328",-0.261904761904762,0.53640873015873
"2329",-0.285714285714286,0.500793650793651
"2330",-0.285714285714286,0.500793650793651
"2331",0.166666666666667,0.703323412698413
"2333",0.5,0.216170634920635
"2335",0.380952380952381,0.359871031746032
"2336",-0.261904761904762,0.53640873015873
"2338",-0.333333333333333,0.427876984126984
"2339",0.357142857142857,0.389384920634921
"2343",-0.238095238095238,0.582142857142857
"2344",0.238095238095238,0.582142857142857
"2345",0.476190476190476,0.243055555555556
"2356",0.690476190476191,0.0693948412698413
"2357",0.742528282386221,0.034855039336664
"2366",0.857142857142857,0.0107142857142857
"2367",0.666666666666667,0.0830853174603175
"2368",0.19047619047619,0.664583333333333
"2370",0.666666666666667,0.0830853174603175
"2373",0.690476190476191,0.0693948412698413
"2376",0.904761904761905,0.00456349206349206
"2384",0.738095238095238,0.0458333333333333
"2389",0.357142857142857,0.389384920634921
"2406",-0.0476190476190476,0.934871031746032
"2408",0.19047619047619,0.664583333333333
"2409",0.476190476190476,0.243055555555556
"2411",0.261904761904762,0.53640873015873
"2412",0.738095238095238,0.0458333333333333
"2415",0.690476190476191,0.0693948412698413
"2417",0.619047619047619,0.114980158730159
"2422",0.738095238095238,0.0458333333333333
"2423",0.595238095238095,0.132291666666667
"2428",0.404761904761905,0.326835317460317
"2430",0.452380952380952,0.267460317460317
"2434",0.619047619047619,0.114980158730159
"2435",0.428571428571429,0.299206349206349
"2439",-0.0952380952380952,0.840128968253968
"2440",0.547619047619048,0.170982142857143
"2448",0.0714285714285714,0.881994047619048
"2451",-0.166666666666667,0.703323412698413
"2453",0.476190476190476,0.243055555555556
"2454",-0.19047619047619,0.664583333333333
"2460",-0.166666666666667,0.703323412698413
"2463",0.0714285714285714,0.881994047619048
"2467",0.0714285714285714,0.881994047619048
"2468",0.0714285714285714,0.881994047619048
"2469",0.0714285714285714,0.881994047619048
"2474",0.0476190476190476,0.934871031746032
"2475",0.0714285714285714,0.881994047619048
"2476",-0.0714285714285714,0.881994047619048
"2478",-0.142857142857143,0.75203373015873
"2479",0.0714285714285714,0.881994047619048
"2490",-0.285714285714286,0.500793650793651
"2495",0.214285714285714,0.619097222222222
"2498",NA,NA
"2499",0.142857142857143,0.75203373015873
"2507",-0.0824786098842323,0.846052523866644
"2512",0.261904761904762,0.53640873015873
"2518",0.0476190476190476,0.934871031746032
"2526",-0.0952380952380952,0.840128968253968
"2531",0.0714285714285714,0.881994047619048
"2537",0.0714285714285714,0.881994047619048
"2541",0.0238095238095238,0.976785714285714
"2542",0.177571201301144,0.673986656997567
"2548",-0.0476190476190476,0.934871031746032
"2549",-0.0952380952380952,0.840128968253968
"2550",-0.333333333333333,0.427876984126984
"2552",-0.285714285714286,0.500793650793651
"2553",0.0714285714285714,0.881994047619048
"2554",0.595238095238095,0.132291666666667
"2555",-0.119047619047619,0.793005952380952
"2560",0.19047619047619,0.664583333333333
"2561",0.0714285714285714,0.881994047619048
"2563",0.285714285714286,0.500793650793651
"2566",0.261904761904762,0.53640873015873
"2567",-0.166666666666667,0.703323412698413
"2569",0.214285714285714,0.619097222222222
"2574",0,1
"2576",-0.5,0.216170634920635
"2579",-0.19047619047619,0.664583333333333
"2580",0.357142857142857,0.389384920634921
"2583",-0.547619047619048,0.170982142857143
"2586",0.19047619047619,0.664583333333333
"2588",-0.30952380952381,0.461805555555556
"2597",0.523809523809524,0.196626984126984
"2602",-0.428571428571429,0.299206349206349
"2603",-0.166666666666667,0.703323412698413
"2605",0.476190476190476,0.243055555555556
"2606",0.142857142857143,0.75203373015873
"2607",-0.333333333333333,0.427876984126984
"2609",0.0476190476190476,0.934871031746032
"2610",-0.642857142857143,0.0961805555555556
"2611",0.0952380952380952,0.840128968253968
"2615",-0.214285714285714,0.619097222222222
"2617",-0.238095238095238,0.582142857142857
"2619",0.30952380952381,0.461805555555556
"2629",0.166666666666667,0.703323412698413
"2630",0.214285714285714,0.619097222222222
"2631",-0.333333333333333,0.427876984126984
"2637",0.285714285714286,0.500793650793651
"2638",-0.142857142857143,0.75203373015873
"2639",0.619047619047619,0.114980158730159
"2640",0.285714285714286,0.500793650793651
"2642",-0.452380952380952,0.267460317460317
"2643",-0.80952380952381,0.0217757936507936
"2645",0.428571428571429,0.299206349206349
"2646",0.238095238095238,0.582142857142857
"2647",0.428571428571429,0.299206349206349
"2648",0.287430302859182,0.490015485222034
"2652",-0.119047619047619,0.793005952380952
"2658",0.0476190476190476,0.934871031746032
"2666",-0.523809523809524,0.196626984126984
"2668",0.404761904761905,0.326835317460317
"2669",0.214285714285714,0.619097222222222
"2676",0.0952380952380952,0.840128968253968
"2677",0.238095238095238,0.582142857142857
"2680",0,1
"2682",0.428571428571429,0.299206349206349
"2684",0.409158544192486,0.314149427522183
"2685",-0.0311739843194275,0.941586637631995
"2687",-0.5,0.216170634920635
"2689",-0.238095238095238,0.582142857142857
"2693",0.14638501094228,0.729423924959387
"2694",0.412393049421161,0.309958735506241
"2695",0.412393049421161,0.309958735506241
"2696",0.19047619047619,0.664583333333333
"2697",0.0952380952380952,0.840128968253968
"2700",0.357142857142857,0.389384920634921
"2701",0.238095238095238,0.582142857142857
"2702",0.238095238095238,0.582142857142857
"2703",-0.261904761904762,0.53640873015873
"2704",-0.547619047619048,0.170982142857143
"2705",0.0476190476190476,0.934871031746032
"2708",0.285714285714286,0.500793650793651
"2709",-0.0311739843194275,0.941586637631995
"2710",0.214285714285714,0.619097222222222
"2711",0.428571428571429,0.299206349206349
"2712",0.214285714285714,0.619097222222222
"2714",0.523809523809524,0.196626984126984
"2716",-0.19047619047619,0.664583333333333
"2717",-0.0311739843194275,0.941586637631995
"2718",0.0714285714285714,0.881994047619048
"2719",0.0476190476190476,0.934871031746032
"2720",0.0476190476190476,0.934871031746032
"2722",0.166666666666667,0.703323412698413
"2723",0.30952380952381,0.461805555555556
"2725",-0.547619047619048,0.170982142857143
"2726",0.0238095238095238,0.976785714285714
"2727",-0.0311739843194275,0.941586637631995
"2728",0.0714285714285714,0.881994047619048
"2729",0.452380952380952,0.267460317460317
"2732",0.30952380952381,0.461805555555556
"2734",0.214285714285714,0.619097222222222
"2735",0.666666666666667,0.0830853174603175
"2736",-0.0311739843194275,0.941586637631995
"2737",0.268372520060847,0.520440977682338
"2740",0.714285714285714,0.0575892857142857
"2743",0.0476190476190476,0.934871031746032
"2745",-0.0476190476190476,0.934871031746032
"2746",0.412393049421161,0.309958735506241
"2750",-0.0311739843194275,0.941586637631995
"2751",0.0818317088384971,0.847249145102879
"2753",0.412393049421161,0.309958735506241
"2754",0.412393049421161,0.309958735506241
"2756",-0.476190476190476,0.243055555555556
"2758",-0.738095238095238,0.0458333333333333
"2759",-0.666666666666667,0.0830853174603175
"2760",-0.5,0.216170634920635
"2761",-0.666666666666667,0.0830853174603175
"2762",-0.261904761904762,0.53640873015873
"2763",-0.476190476190476,0.243055555555556
"2764",-0.214285714285714,0.619097222222222
"2765",-0.80952380952381,0.0217757936507936
"2766",-0.333333333333333,0.427876984126984
"2767",-0.547619047619048,0.170982142857143
"2768",-0.380952380952381,0.359871031746032
"2769",-0.452380952380952,0.267460317460317
"2770",-0.357142857142857,0.389384920634921
"2771",-0.272772362794991,0.513354990702716
"2772",-0.476190476190476,0.243055555555556
"2773",-0.452380952380952,0.267460317460317
"2774",-0.214285714285714,0.619097222222222
"2775",-0.80952380952381,0.0217757936507936
"2777",-0.642857142857143,0.0961805555555556
"2778",-0.0238095238095238,0.976785714285714
"2779",-0.577350269189626,0.133974596215561
"2781",0.412393049421161,0.309958735506241
"2782",0.19047619047619,0.664583333333333
"2783",0.0952380952380952,0.840128968253968
"2784",-0.142857142857143,0.75203373015873
"2785",0.142857142857143,0.75203373015873
"2786",0.266356801951717,0.523699417576859
"2787",-0.0238095238095238,0.976785714285714
"2788",0,1
"2789",0.19047619047619,0.664583333333333
"2790",-0.119047619047619,0.793005952380952
"2791",-0.19047619047619,0.664583333333333
"2792",0.333333333333333,0.427876984126984
"2793",-0.333333333333333,0.427876984126984
"2794",0.19047619047619,0.664583333333333
"2795",0.428571428571429,0.299206349206349
"2796",0.380952380952381,0.359871031746032
"2797",0.452380952380952,0.267460317460317
"2802",-0.19047619047619,0.664583333333333
"2804",0.142857142857143,0.75203373015873
"2805",0.5,0.216170634920635
"2806",0.5,0.216170634920635
"2807",0.523809523809524,0.196626984126984
"2808",0.523809523809524,0.196626984126984
"2810",0.523809523809524,0.196626984126984
"2811",0.0238095238095238,0.976785714285714
"2812",0.214285714285714,0.619097222222222
"2813",0.412393049421161,0.309958735506241
"2817",0.412393049421161,0.309958735506241
"2818",0.514370741270553,0.192165912271177
"2819",0.412393049421161,0.309958735506241
"2820",-0.0311739843194275,0.941586637631995
"2821",0.412393049421161,0.309958735506241
"2822",0.412393049421161,0.309958735506241
"2823",0.0238095238095238,0.976785714285714
"2824",-0.0476190476190476,0.934871031746032
"2826",0.412393049421161,0.309958735506241
"2827",0.412393049421161,0.309958735506241
"2828",0.119047619047619,0.793005952380952
"2829",0,1
"2830",0,1
"2831",0,1
"2833",0.80952380952381,0.0217757936507936
"2836",0.311382828097447,0.452798757426337
"2837",-0.428571428571429,0.299206349206349
"2839",-0.142857142857143,0.75203373015873
"2841",0.142857142857143,0.75203373015873
"2842",-0.0311739843194275,0.941586637631995
"2843",0.191620201906121,0.649410201122453
"2850",-0.166666666666667,0.703323412698413
"2851",0.214285714285714,0.619097222222222
"2853",0.428571428571429,0.299206349206349
"2854",0.5,0.216170634920635
"2855",0.0238095238095238,0.976785714285714
"2856",0.404761904761905,0.326835317460317
"2857",-0.19047619047619,0.664583333333333
"2858",0.690476190476191,0.0693948412698413
"2859",0.523809523809524,0.196626984126984
"2860",0.412393049421161,0.309958735506241
"2862",-0.0952380952380952,0.840128968253968
"2863",-0.0952380952380952,0.840128968253968
"2864",0.261904761904762,0.53640873015873
"2865",0.714285714285714,0.0575892857142857
"2866",0.214285714285714,0.619097222222222
"2867",0,1
"2868",0.412393049421161,0.309958735506241
"2869",0.19047619047619,0.664583333333333
"2870",0.412393049421161,0.309958735506241
"2871",0,1
"2872",-0.0476190476190476,0.934871031746032
"2874",-0.285714285714286,0.500793650793651
"2875",-0.30004959907449,0.470261740655634
"2876",-0.202938515772736,0.629808489737719
"2877",-0.592305702069122,0.121834513627698
"2878",-0.30004959907449,0.470261740655634
"2879",0.333333333333333,0.427876984126984
"2882",0.166666666666667,0.703323412698413
"2883",0.347311615954845,0.399263874203282
"2884",0.0238095238095238,0.976785714285714
"2886",0.412393049421161,0.309958735506241
"2888",0.238095238095238,0.582142857142857
"2889",0.412393049421161,0.309958735506241
"2890",0.166666666666667,0.703323412698413
"2891",0.0476190476190476,0.934871031746032
"2892",0.412393049421161,0.309958735506241
"2893",0.0952380952380952,0.840128968253968
"2894",-0.428571428571429,0.299206349206349
"2895",-0.142857142857143,0.75203373015873
"2896",0.412393049421161,0.309958735506241
"2897",-0.119047619047619,0.793005952380952
"2898",-0.119047619047619,0.793005952380952
"2899",-0.30952380952381,0.461805555555556
"2901",0.285714285714286,0.500793650793651
"2903",-0.654653670707977,0.0781407494112156
"2905",0.19047619047619,0.664583333333333
"2906",-0.291724116423309,0.48325820802848
"2907",0.238095238095238,0.582142857142857
"2908",0,1
"2910",-0.109108945117996,0.797038574188192
"2912",0.261904761904762,0.53640873015873
"2914",0.238095238095238,0.582142857142857
"2916",0.0952380952380952,0.840128968253968
"2918",0.523809523809524,0.196626984126984
"2919",0.412393049421161,0.309958735506241
"2920",-0.0311739843194275,0.941586637631995
"2921",0.0238095238095238,0.976785714285714
"2922",-0.0311739843194275,0.941586637631995
"2923",0.380952380952381,0.359871031746032
"2924",0.166666666666667,0.703323412698413
"2925",0.0714285714285714,0.881994047619048
"2926",0.380952380952381,0.359871031746032
"2928",0.268372520060847,0.520440977682338
"2932",0.412393049421161,0.309958735506241
"2933",0.452380952380952,0.267460317460317
"2934",0.523809523809524,0.196626984126984
"2936",0.666666666666667,0.0830853174603175
"2937",0.30952380952381,0.461805555555556
"2938",0.595238095238095,0.132291666666667
"2939",0.452380952380952,0.267460317460317
"2940",0.428571428571429,0.299206349206349
"2941",0.619047619047619,0.114980158730159
"2942",0.412393049421161,0.309958735506241
"2943",0.0476190476190476,0.934871031746032
"2946",0.571428571428572,0.151140873015873
"2947",0.380952380952381,0.359871031746032
"2949",0.523809523809524,0.196626984126984
"2950",0.690476190476191,0.0693948412698413
"2952",0.571428571428572,0.151140873015873
"2955",0.571428571428572,0.151140873015873
"2956",0.547619047619048,0.170982142857143
"2957",0.690476190476191,0.0693948412698413
"2958",0.571428571428572,0.151140873015873
"2959",0.571428571428572,0.151140873015873
"2961",0.571428571428572,0.151140873015873
"2963",0.523809523809524,0.196626984126984
"2964",0.595238095238095,0.132291666666667
"2965",0.359287878573978,0.382064677364986
"2966",NA,NA
"2968",0,1
"2969",0.19047619047619,0.664583333333333
"2970",-0.43915503282684,0.276326840133746
"2972",-0.0714285714285714,0.881994047619048
"2973",0.30952380952381,0.461805555555556
"2974",-0.109108945117996,0.797038574188192
"2977",0.333333333333333,0.427876984126984
"2981",-0.547619047619048,0.170982142857143
"2982",-0.571428571428572,0.151140873015873
"2983",-0.5,0.216170634920635
"2984",-0.714285714285714,0.0575892857142857
"2985",-0.595238095238095,0.132291666666667
"2986",-0.5,0.216170634920635
"2987",-0.619047619047619,0.114980158730159
"2989",-0.666666666666667,0.0830853174603175
"2990",-0.571428571428572,0.151140873015873
"2991",-0.666666666666667,0.0830853174603175
"2992",0.404761904761905,0.326835317460317
"2993",-0.619047619047619,0.114980158730159
"2995",-0.571428571428572,0.151140873015873
"2996",-0.404761904761905,0.326835317460317
"2997",-0.642857142857143,0.0961805555555556
"2998",-0.738095238095238,0.0458333333333333
"3003",0.412393049421161,0.309958735506241
"3015",0.239525252382652,0.567772152259293
"3021",0.238095238095238,0.582142857142857
"3022",0.333333333333333,0.427876984126984
"3023",0.526955555241834,0.179628967156927
"3024",0.428571428571429,0.299206349206349
"3026",0.166666666666667,0.703323412698413
"3027",0.333333333333333,0.427876984126984
"3028",0.0238095238095238,0.976785714285714
"3029",0.238095238095238,0.582142857142857
"3030",-0.0952380952380952,0.840128968253968
"3031",0.19047619047619,0.664583333333333
"3032",0.333333333333333,0.427876984126984
"3034",0.285714285714286,0.500793650793651
"3035",0.119047619047619,0.793005952380952
"3036",0.333333333333333,0.427876984126984
"3040",0.119047619047619,0.793005952380952
"3044",0.142857142857143,0.75203373015873
"3049",0.238095238095238,0.582142857142857
"3050",0.285714285714286,0.500793650793651
"3051",0.19047619047619,0.664583333333333
"3052",0.285714285714286,0.500793650793651
"3053",0.285714285714286,0.500793650793651
"3054",0.285714285714286,0.500793650793651
"3055",0.285714285714286,0.500793650793651
"3056",0.285714285714286,0.500793650793651
"3057",0.119047619047619,0.793005952380952
"3058",0.428571428571429,0.299206349206349
"3059",0.285714285714286,0.500793650793651
"3060",0.285714285714286,0.500793650793651
"3062",0.380952380952381,0.359871031746032
"3063",0.238095238095238,0.582142857142857
"3064",0.166666666666667,0.703323412698413
"3065",0.285714285714286,0.500793650793651
"3067",0.285714285714286,0.500793650793651
"3068",0.285714285714286,0.500793650793651
"3070",0.261904761904762,0.53640873015873
"3071",-0.166666666666667,0.703323412698413
"3072",-0.0714285714285714,0.881994047619048
"3074",0.412393049421161,0.309958735506241
"3075",NA,NA
"3076",0.238095238095238,0.582142857142857
"3077",0.214285714285714,0.619097222222222
"3078",-0.0714285714285714,0.881994047619048
"3079",0.214285714285714,0.619097222222222
"3080",-0.0238095238095238,0.976785714285714
"3081",0.333333333333333,0.427876984126984
"3083",0.0952380952380952,0.840128968253968
"3085",-0.19025485853694,0.651786959880265
"3086",0.412393049421161,0.309958735506241
"3087",0.238095238095238,0.582142857142857
"3088",0.0714285714285714,0.881994047619048
"3089",-0.0311739843194275,0.941586637631995
"3090",0.412393049421161,0.309958735506241
"3092",0.285714285714286,0.500793650793651
"3093",0.412393049421161,0.309958735506241
"3094",-0.412393049421161,0.309958735506241
"3095",-0.142857142857143,0.75203373015873
"3096",0.0476190476190476,0.934871031746032
"3099",-0.285714285714286,0.500793650793651
"3100",-0.166666666666667,0.703323412698413
"3101",0.0952380952380952,0.840128968253968
"3102",-0.30952380952381,0.461805555555556
"3103",-0.285714285714286,0.500793650793651
"3104",-0.285714285714286,0.500793650793651
"3105",-0.214285714285714,0.619097222222222
"3106",0.412393049421161,0.309958735506241
"3107",-0.0714285714285714,0.881994047619048
"3108",-0.0479050504765304,0.910315357004167
"3109",0.238095238095238,0.582142857142857
"3110",-0.0952380952380952,0.840128968253968
"3111",0.238095238095238,0.582142857142857
"3113",0.214285714285714,0.619097222222222
"3116",-0.285714285714286,0.500793650793651
"3117",-0.0714285714285714,0.881994047619048
"3119",0.142857142857143,0.75203373015873
"3120",0.0238095238095238,0.976785714285714
"3121",0.0476190476190476,0.934871031746032
"3123",-0.0952380952380952,0.840128968253968
"3124",0.0476190476190476,0.934871031746032
"3127",0.0476190476190476,0.934871031746032
"3128",0.228305830244328,0.586569103327526
"3129",0.523809523809524,0.196626984126984
"3130",0.0952380952380952,0.840128968253968
"3132",0.714285714285714,0.0575892857142857
"3133",0.238095238095238,0.582142857142857
"3134",0.412393049421161,0.309958735506241
"3135",0.380952380952381,0.359871031746032
"3136",-0.07319250547114,0.863253392920131
"3138",0.187043905916565,0.657386587319591
"3139",0.0238095238095238,0.976785714285714
"3140",0.412393049421161,0.309958735506241
"3141",-0.311382828097447,0.452798757426337
"3142",-0.592305702069122,0.121834513627698
"3144",0.238095238095238,0.582142857142857
"3150",0.238095238095238,0.582142857142857
"3151",-0.19047619047619,0.664583333333333
"3152",-0.214285714285714,0.619097222222222
"3153",-0.285714285714286,0.500793650793651
"3154",-0.238095238095238,0.582142857142857
"3155",-0.19047619047619,0.664583333333333
"3156",-0.285714285714286,0.500793650793651
"3157",-0.19047619047619,0.664583333333333
"3158",-0.166666666666667,0.703323412698413
"3159",0.214285714285714,0.619097222222222
"3161",-0.166666666666667,0.703323412698413
"3162",-0.0476190476190476,0.934871031746032
"3165",0.0714285714285714,0.881994047619048
"3166",-0.119047619047619,0.793005952380952
"3167",-0.0952380952380952,0.840128968253968
"3168",0.412393049421161,0.309958735506241
"3169",0.412393049421161,0.309958735506241
"3170",0.412393049421161,0.309958735506241
"3171",0.412393049421161,0.309958735506241
"3172",0.412393049421161,0.309958735506241
"3173",-0.119047619047619,0.793005952380952
"3174",-0.0714285714285714,0.881994047619048
"3175",-0.214285714285714,0.619097222222222
"3177",-0.30952380952381,0.461805555555556
"3178",0.30952380952381,0.461805555555556
"3179",0.214285714285714,0.619097222222222
"3180",0.119047619047619,0.793005952380952
"3181",-0.163663417676994,0.698566859664124
"3182",0.19047619047619,0.664583333333333
"3186",0.357142857142857,0.389384920634921
"3190",0.238095238095238,0.582142857142857
"3193",-0.142857142857143,0.75203373015873
"3194",-0.285714285714286,0.500793650793651
"3195",-0.238095238095238,0.582142857142857
"3196",-0.214285714285714,0.619097222222222
"3197",-0.119047619047619,0.793005952380952
"3198",0.0952380952380952,0.840128968253968
"3199",-0.214285714285714,0.619097222222222
"3200",0.0238095238095238,0.976785714285714
"3201",-0.214285714285714,0.619097222222222
"3203",0.0238095238095238,0.976785714285714
"3204",0.0238095238095238,0.976785714285714
"3205",-0.142857142857143,0.75203373015873
"3206",-0.214285714285714,0.619097222222222
"3207",0.0238095238095238,0.976785714285714
"3208",0.0238095238095238,0.976785714285714
"3209",-0.0714285714285714,0.881994047619048
"3212",0.690476190476191,0.0693948412698413
"3213",-0.0476190476190476,0.934871031746032
"3214",-0.238095238095238,0.582142857142857
"3215",0.381881307912987,0.350540724872591
"3216",0.119047619047619,0.793005952380952
"3217",0.404761904761905,0.326835317460317
"3219",0.238095238095238,0.582142857142857
"3220",0.285714285714286,0.500793650793651
"3226",-0.119047619047619,0.793005952380952
"3249",0.214285714285714,0.619097222222222
"3251",0.666666666666667,0.0830853174603175
"3252",0.547619047619048,0.170982142857143
"3253",0.595238095238095,0.132291666666667
"3255",0.404761904761905,0.326835317460317
"3257",0.5,0.216170634920635
"3258",0.428571428571429,0.299206349206349
"3261",0.380952380952381,0.359871031746032
"3267",0.761904761904762,0.0367559523809524
"3268",0.428571428571429,0.299206349206349
"3271",0.19047619047619,0.664583333333333
"3272",0.428571428571429,0.299206349206349
"3274",0.404761904761905,0.326835317460317
"3275",0.142857142857143,0.75203373015873
"3276",0.0476190476190476,0.934871031746032
"3277",0.285714285714286,0.500793650793651
"3279",0.5,0.216170634920635
"3280",0.142857142857143,0.75203373015873
"3288",0.452380952380952,0.267460317460317
"3289",0.30952380952381,0.461805555555556
"3291",0.19047619047619,0.664583333333333
"3292",0.380952380952381,0.359871031746032
"3294",0,1
"3295",0.738095238095238,0.0458333333333333
"3296",0.571428571428572,0.151140873015873
"3298",-0.0476190476190476,0.934871031746032
"3306",0.238095238095238,0.582142857142857
"3307",0.285714285714286,0.500793650793651
"3311",-0.214285714285714,0.619097222222222
"3319",0.404761904761905,0.326835317460317
"3321",0.523809523809524,0.196626984126984
"3322",0.523809523809524,0.196626984126984
"3330",0.357142857142857,0.389384920634921
"3342",0.547619047619048,0.170982142857143
"3343",0.761904761904762,0.0367559523809524
"3346",0.547619047619048,0.170982142857143
"3348",0.30952380952381,0.461805555555556
"3350",0.380952380952381,0.359871031746032
"3351",0.0952380952380952,0.840128968253968
"3352",-0.0952380952380952,0.840128968253968
"3354",0.0952380952380952,0.840128968253968
"3361",0.0476190476190476,0.934871031746032
"3362",-0.285714285714286,0.500793650793651
"3364",0.19047619047619,0.664583333333333
"3366",-0.0476190476190476,0.934871031746032
"3367",-0.261904761904762,0.53640873015873
"3368",-0.577350269189626,0.133974596215561
"3371",-0.0952380952380952,0.840128968253968
"3373",0.333333333333333,0.427876984126984
"3374",0.0476190476190476,0.934871031746032
"3375",0.166666666666667,0.703323412698413
"3376",0.0952380952380952,0.840128968253968
"3377",0.412393049421161,0.309958735506241
"3378",0.0818317088384971,0.847249145102879
"3380",-0.523809523809524,0.196626984126984
"3382",0.0238095238095238,0.976785714285714
"3383",-0.059881313095663,0.887990650112518
"3384",-0.0818317088384971,0.847249145102878
"3385",-0.163663417676994,0.698566859664124
"3386",0.142857142857143,0.75203373015873
"3387",0.0952380952380952,0.840128968253968
"3388",NA,NA
"3389",0.0238095238095238,0.976785714285714
"3390",0.547619047619048,0.170982142857143
"3391",0.690476190476191,0.0693948412698413
"3392",0.452380952380952,0.267460317460317
"3393",0.857142857142857,0.0107142857142857
"3394",0.904761904761905,0.00456349206349206
"3396",0.142857142857143,0.75203373015873
"3397",0.214285714285714,0.619097222222222
"3398",0.166666666666667,0.703323412698413
"3399",0.142857142857143,0.75203373015873
"3400",0.30952380952381,0.461805555555556
"3402",0.166666666666667,0.703323412698413
"3404",-0.0714285714285714,0.881994047619048
"3405",0.0779349607985687,0.854462577686284
"3407",0.0714285714285714,0.881994047619048
"3408",0.412393049421161,0.309958735506241
"3409",0.380952380952381,0.359871031746032
"3410",0.214285714285714,0.619097222222222
"3411",0.412393049421161,0.309958735506241
"3412",0.428571428571429,0.299206349206349
"3413",0.285714285714286,0.500793650793651
"3420",0.238095238095238,0.582142857142857
"3421",0.285714285714286,0.500793650793651
"3425",0.0952380952380952,0.840128968253968
"3426",-0.30004959907449,0.470261740655634
"3427",0.238095238095238,0.582142857142857
"3430",0.214285714285714,0.619097222222222
"3431",0.119047619047619,0.793005952380952
"3432",0.30952380952381,0.461805555555556
"3434",0.0714285714285714,0.881994047619048
"3435",0.285714285714286,0.500793650793651
"3436",0.214285714285714,0.619097222222222
"3438",0.285714285714286,0.500793650793651
"3441",-0.333333333333333,0.427876984126984
"3443",0.285714285714286,0.500793650793651
"3445",0.214285714285714,0.619097222222222
"3446",0.285714285714286,0.500793650793651
"3447",0.238095238095238,0.582142857142857
"3448",0.214285714285714,0.619097222222222
"3449",0.285714285714286,0.500793650793651
"3450",0.214285714285714,0.619097222222222
"3453",0.238095238095238,0.582142857142857
"3455",0.0476190476190476,0.934871031746032
"3457",0.238095238095238,0.582142857142857
"3458",0.119047619047619,0.793005952380952
"3459",0.214285714285714,0.619097222222222
"3460",0.238095238095238,0.582142857142857
"3461",0.214285714285714,0.619097222222222
"3462",0.238095238095238,0.582142857142857
"3463",-0.58554004376912,0.127246589863721
"3464",0.0487950036474267,0.908654487655341
"3467",0.166666666666667,0.703323412698413
"3470",0.412393049421161,0.309958735506241
"3471",0.0818317088384971,0.847249145102879
"3472",0.166666666666667,0.703323412698413
"3473",0.333333333333333,0.427876984126984
"3474",NA,NA
"3475",0.30952380952381,0.461805555555556
"3476",-0.357142857142857,0.389384920634921
"3478",0.690476190476191,0.0693948412698413
"3479",0.523809523809524,0.196626984126984
"3480",0.238095238095238,0.582142857142857
"3481",0.333333333333333,0.427876984126984
"3483",NA,NA
"3486",0.214285714285714,0.619097222222222
"3489",-0.0311739843194275,0.941586637631995
"3490",0.380952380952381,0.359871031746032
"3497",0.142857142857143,0.75203373015873
"3499",-0.380952380952381,0.359871031746032
"3500",-0.507346289431841,0.199359223977008
"3501",-0.577350269189626,0.133974596215561
"3502",-0.409158544192486,0.314149427522183
"3503",0.412393049421161,0.309958735506241
"3506",-0.37126414119311,0.365202058019778
"3507",-0.238095238095238,0.582142857142857
"3510",0.214285714285714,0.619097222222222
"3512",-0.0952380952380952,0.840128968253968
"3513",0.404761904761905,0.326835317460317
"3514",0,1
"3516",-0.30952380952381,0.461805555555556
"3517",0.261904761904762,0.53640873015873
"3518",0.202938515772736,0.629808489737719
"3519",-0.238095238095238,0.582142857142857
"3521",0.412393049421161,0.309958735506241
"3523",0.142857142857143,0.75203373015873
"3524",0.404761904761905,0.326835317460317
"3525",0.335335353335713,0.416791590964274
"3526",0.214285714285714,0.619097222222222
"3527",0.238095238095238,0.582142857142857
"3528",-0.0952380952380952,0.840128968253968
"3529",0.619047619047619,0.114980158730159
"3530",0.476190476190476,0.243055555555556
"3532",0.333333333333333,0.427876984126984
"3534",0.404761904761905,0.326835317460317
"3536",-0.380952380952381,0.359871031746032
"3537",-0.30004959907449,0.470261740655634
"3538",0.412393049421161,0.309958735506241
"3539",-0.592305702069122,0.121834513627698
"3540",-0.592305702069122,0.121834513627698
"3541",0.30952380952381,0.461805555555556
"3542",0.0818317088384971,0.847249145102879
"3543",-0.19047619047619,0.664583333333333
"3544",0.238095238095238,0.582142857142857
"3545",0.238095238095238,0.582142857142857
"3546",0.333333333333333,0.427876984126984
"3548",0.380952380952381,0.359871031746032
"3549",0.238095238095238,0.582142857142857
"3550",0.119047619047619,0.793005952380952
"3552",0.412393049421161,0.309958735506241
"3554",-0.481978974960249,0.22649256280418
"3556",-0.654653670707977,0.0781407494112156
"3557",0.333333333333333,0.427876984126984
"3558",-0.523809523809524,0.196626984126984
"3560",0.012683657235796,0.976220693166532
"3562",-0.0238095238095238,0.976785714285714
"3564",-0.436435780471985,0.279658290904658
"3565",-0.577350269189626,0.133974596215561
"3566",-0.577350269189626,0.133974596215561
"3567",-0.577350269189626,0.133974596215561
"3568",-0.577350269189626,0.133974596215561
"3569",-0.357142857142857,0.389384920634921
"3570",-0.571428571428572,0.151140873015873
"3572",-0.577350269189626,0.133974596215561
"3573",0.452380952380952,0.267460317460317
"3576",-0.0714285714285714,0.881994047619048
"3577",-0.0243975018237133,0.95427283374209
"3578",-0.333333333333333,0.427876984126984
"3580",-0.380952380952381,0.359871031746032
"3581",-0.317167523708273,0.443989241632351
"3582",-0.30004959907449,0.470261740655634
"3583",-0.19047619047619,0.664583333333333
"3586",0.380952380952381,0.359871031746032
"3588",-0.545544725589981,0.161938228466284
"3594",0.30952380952381,0.461805555555556
"3595",-0.29277002188456,0.481617814312155
"3608",-0.261904761904762,0.53640873015873
"3609",-0.218217890235992,0.603645056510136
"3614",-0.431145454288773,0.28619573480536
"3620",0.412393049421161,0.309958735506241
"3621",-0.131738888810459,0.755832636259335
"3624",-0.215622173008532,0.608064773895001
"3629",0.202938515772736,0.629808489737719
"3630",0.412393049421161,0.309958735506241
"3642",0.333333333333333,0.427876984126984
"3646",0.238095238095238,0.582142857142857
"3647",0.562884343099232,0.14633153260555
"3652",-0.119047619047619,0.793005952380952
"3656",-0.577350269189626,0.133974596215561
"3657",0.0238095238095238,0.976785714285714
"3658",-0.487950036474267,0.219943819241819
"3666",-0.0476190476190476,0.934871031746032
"3667",0.412393049421161,0.309958735506241
"3669",-0.142857142857143,0.75203373015873
"3671",0.0476190476190476,0.934871031746032
"3673",0.619047619047619,0.114980158730159
"3674",0.136386181397495,0.747429395226514
"3682",0.577350269189626,0.133974596215561
"3685",-0.0952380952380952,0.840128968253968
"3687",0,1
"3690",0.261904761904762,0.53640873015873
"3691",-0.436435780471985,0.279658290904658
"3693",NA,NA
"3694",0.333333333333333,0.427876984126984
"3699",0.109108945117996,0.797038574188192
"3700",0.0476190476190476,0.934871031746032
"3701",0.238095238095238,0.582142857142857
"3705",0.285714285714286,0.500793650793651
"3708",0.238095238095238,0.582142857142857
"3709",0.142857142857143,0.75203373015873
"3711",0.0238095238095238,0.976785714285714
"3716",-0.0487950036474267,0.908654487655341
"3720",0.463552534650553,0.247323262807286
"3722",-0.0975900072948533,0.818177202735276
"3726",0.412393049421161,0.309958735506241
"3727",0,1
"3735",-0.245495126515491,0.557856585182126
"3736",0.214285714285714,0.619097222222222
"3738",0.380952380952381,0.359871031746032
"3747",0.761904761904762,0.0367559523809524
"3749",0.412393049421161,0.309958735506241
"3752",0.121987509118567,0.773532403327246
"3756",0.586836868337497,0.126198985536089
"3757",0.412393049421161,0.309958735506241
"3761",0.857142857142857,0.0107142857142857
"3762",0.0714285714285714,0.881994047619048
"3763",0.214285714285714,0.619097222222222
"3764",0.833333333333333,0.0153769841269841
"3781",0.833333333333333,0.0153769841269841
"3788",0.142857142857143,0.75203373015873
"3789",0.0238095238095238,0.976785714285714
"3797",0.214285714285714,0.619097222222222
"3798",0.214285714285714,0.619097222222222
"3799",0.357142857142857,0.389384920634921
"3808",0.412393049421161,0.309958735506241
"3810",-0.238095238095238,0.582142857142857
"3822",0.142857142857143,0.75203373015873
"3824",0.0476190476190476,0.934871031746032
"3828",0.714285714285714,0.0575892857142857
"3829",0.119047619047619,0.793005952380952
"3831",-0.0714285714285714,0.881994047619048
"3834",0.119047619047619,0.793005952380952
"3835",-0.0952380952380952,0.840128968253968
"3836",0.0714285714285714,0.881994047619048
"3837",0.238095238095238,0.582142857142857
"3838",-0.0952380952380952,0.840128968253968
"3841",0.238095238095238,0.582142857142857
"3842",0.142857142857143,0.75203373015873
"3843",0.119047619047619,0.793005952380952
"3844",0.30952380952381,0.461805555555556
"3845",0.0714285714285714,0.881994047619048
"3846",0.0714285714285714,0.881994047619048
"3847",0.261904761904762,0.53640873015873
"3848",-0.166666666666667,0.703323412698413
"3849",0.19047619047619,0.664583333333333
"3850",0.0714285714285714,0.881994047619048
"3851",0.214285714285714,0.619097222222222
"3852",0.19047619047619,0.664583333333333
"3855",-0.0714285714285714,0.881994047619048
"3856",0.119047619047619,0.793005952380952
"3857",-0.0952380952380952,0.840128968253968
"3858",0.30952380952381,0.461805555555556
"3859",0.0714285714285714,0.881994047619048
"3860",-0.142857142857143,0.75203373015873
"3861",0.30952380952381,0.461805555555556
"3862",0.285714285714286,0.500793650793651
"3865",-0.577350269189626,0.133974596215561
"3870",-0.238095238095238,0.582142857142857
"3876",0.0952380952380952,0.840128968253968
"3877",0.0714285714285714,0.881994047619048
"3888",0.333333333333333,0.427876984126984
"3889",-0.27545404024005,0.509054072655073
"3893",0.380952380952381,0.359871031746032
"3901",-0.119047619047619,0.793005952380952
"3902",-0.0952380952380952,0.840128968253968
"3905",0,1
"3908",0.285714285714286,0.500793650793651
"3920",NA,NA
"3921",0.19047619047619,0.664583333333333
"3924",-0.285714285714286,0.500793650793651
"3931",0.0952380952380952,0.840128968253968
"3937",-0.317091430894901,0.444104660971675
"3940",0.0476190476190476,0.934871031746032
"3959",0.119047619047619,0.793005952380952
"3977",0.214285714285714,0.619097222222222
"3978",-0.404761904761905,0.326835317460317
"3979",-0.19047619047619,0.664583333333333
"3981",0.5,0.216170634920635
"3982",0.0818317088384971,0.847249145102879
"3988",0.357142857142857,0.389384920634921
"3989",0.142857142857143,0.75203373015873
"3998",-0.214285714285714,0.619097222222222
"4002",0.142857142857143,0.75203373015873
"4003",0.0476190476190476,0.934871031746032
"4004",0.214285714285714,0.619097222222222
"4006",-0.0476190476190476,0.934871031746032
"4007",0.261904761904762,0.53640873015873
"4017",0.0714285714285714,0.881994047619048
"4034",0.0714285714285714,0.881994047619048
"4037",0,1
"4041",0.142857142857143,0.75203373015873
"4048",0.0714285714285714,0.881994047619048
"4052",0.0476190476190476,0.934871031746032
"4053",-0.0238095238095238,0.976785714285714
"4054",0,1
"4055",0.333333333333333,0.427876984126984
"4057",0.0952380952380952,0.840128968253968
"4059",0.428571428571429,0.299206349206349
"4060",0.0714285714285714,0.881994047619048
"4061",0.30952380952381,0.461805555555556
"4062",0.0714285714285714,0.881994047619048
"4063",0,1
"4064",0.0476190476190476,0.934871031746032
"4066",0.238095238095238,0.582142857142857
"4067",0.0476190476190476,0.934871031746032
"4068",0.0714285714285714,0.881994047619048
"4069",0,1
"4070",-0.0238095238095238,0.976785714285714
"4071",0.0476190476190476,0.934871031746032
"4072",0.285714285714286,0.500793650793651
"4073",0.142857142857143,0.75203373015873
"4074",0.0238095238095238,0.976785714285714
"4078",0.357142857142857,0.389384920634921
"4088",0.412393049421161,0.309958735506241
"4096",0,1
"4109",0.0238095238095238,0.976785714285714
"4113",-0.166666666666667,0.703323412698413
"4121",-0.642857142857143,0.0961805555555556
"4127",0.285714285714286,0.500793650793651
"4139",-0.261904761904762,0.53640873015873
"4141",0.357142857142857,0.389384920634921
"4156",0.285714285714286,0.500793650793651
"4157",0.452380952380952,0.267460317460317
"4159",0.30952380952381,0.461805555555556
"4160",0.380952380952381,0.359871031746032
"4162",0.5,0.216170634920635
"4164",0.5,0.216170634920635
"4166",0.5,0.216170634920635
"4167",0.261904761904762,0.53640873015873
"4173",0.0952380952380952,0.840128968253968
"4174",0.333333333333333,0.427876984126984
"4175",0,1
"4181",0.5,0.216170634920635
"4187",0.214285714285714,0.619097222222222
"4193",0.166666666666667,0.703323412698413
"4195",0.214285714285714,0.619097222222222
"4200",0.523809523809524,0.196626984126984
"4201",0.523809523809524,0.196626984126984
"4204",0.5,0.216170634920635
"4206",0.5,0.216170634920635
"4211",0.428571428571429,0.299206349206349
"4216",-0.142857142857143,0.75203373015873
"4224",0.595238095238095,0.132291666666667
"4225",0.380952380952381,0.359871031746032
"4228",0.214285714285714,0.619097222222222
"4229",0.0476190476190476,0.934871031746032
"4230",-0.357142857142857,0.389384920634921
"4231",0.214285714285714,0.619097222222222
"4232",0.238095238095238,0.582142857142857
"4235",-0.0238095238095238,0.976785714285714
"4236",-0.0714285714285714,0.881994047619048
"4246",0.0714285714285714,0.881994047619048
"4247",0.577350269189626,0.133974596215561
"4251",0.0238095238095238,0.976785714285714
"4252",0.142857142857143,0.75203373015873
"4254",0.119047619047619,0.793005952380952
"4264",0.666666666666667,0.0830853174603175
"4265",0.5,0.216170634920635
"4267",0.214285714285714,0.619097222222222
"4270",0.857142857142857,0.0107142857142857
"4271",0.761904761904762,0.0367559523809524
"4272",0.30952380952381,0.461805555555556
"4275",0.452380952380952,0.267460317460317
"4276",0.357142857142857,0.389384920634921
"4279",0.0818317088384971,0.847249145102879
"4280",0.214285714285714,0.619097222222222
"4285",-0.0311739843194275,0.941586637631995
"4294",0.357142857142857,0.389384920634921
"4295",0.285714285714286,0.500793650793651
"4297",0.404761904761905,0.326835317460317
"4298",0.238095238095238,0.582142857142857
"4317",0.214285714285714,0.619097222222222
"4319",0.285714285714286,0.500793650793651
"4325",-0.404761904761905,0.326835317460317
"4334",NA,NA
"4337",0.0952380952380952,0.840128968253968
"4342",0.166666666666667,0.703323412698413
"4349",-0.0714285714285714,0.881994047619048
"4354",0.285714285714286,0.500793650793651
"4357",0.0714285714285714,0.881994047619048
"4359",-0.19047619047619,0.664583333333333
"4366",-0.19047619047619,0.664583333333333
"4367",-0.0476190476190476,0.934871031746032
"4375",NA,NA
"4379",NA,NA
"4440",0.476190476190476,0.243055555555556
"4451",0.0476190476190476,0.934871031746032
"4452",0.707527552887687,0.0496282607348612
"4482",NA,NA
"4483",0.0476190476190476,0.934871031746032
"4496",0.19047619047619,0.664583333333333
"4509",0.5,0.216170634920635
"4511",0.5,0.216170634920635
"4512",0.5,0.216170634920635
"4513",0.5,0.216170634920635
"4514",0.523809523809524,0.196626984126984
"4519",0.0476190476190476,0.934871031746032
"4520",0.5,0.216170634920635
"4522",0.5,0.216170634920635
"4523",0.0238095238095238,0.976785714285714
"4526",0.595238095238095,0.132291666666667
"4527",0.690476190476191,0.0693948412698413
"4528",0.80952380952381,0.0217757936507936
"4531",0.577350269189626,0.133974596215561
"4532",0.357142857142857,0.389384920634921
"4533",0.333333333333333,0.427876984126984
"4535",-0.285714285714286,0.500793650793651
"4541",0.738095238095238,0.0458333333333333
"4544",0.0467609764791412,0.912450894053421
"4547",0.412393049421161,0.309958735506241
"4563",0.428571428571429,0.299206349206349
"4565",0.380952380952381,0.359871031746032
"4576",0.30952380952381,0.461805555555556
"4580",0.333333333333333,0.427876984126984
"4593",NA,NA
"4605",NA,NA
"4611",0.261904761904762,0.53640873015873
"4631",0.428571428571429,0.299206349206349
"4632",0.0476190476190476,0.934871031746032
"4634",0.261904761904762,0.53640873015873
"4639",0.166666666666667,0.703323412698413
"4643",0.238095238095238,0.582142857142857
"4650",-0.0714285714285714,0.881994047619048
"4660",-0.238095238095238,0.582142857142857
"4661",0.523809523809524,0.196626984126984
"4662",0.166666666666667,0.703323412698413
"4663",-0.380952380952381,0.359871031746032
"4665",0.238095238095238,0.582142857142857
"4666",-0.0476190476190476,0.934871031746032
"4667",-0.0476190476190476,0.934871031746032
"4668",0.5,0.216170634920635
"4669",0.238095238095238,0.582142857142857
"4671",-0.0714285714285714,0.881994047619048
"4672",-0.690476190476191,0.0693948412698413
"4677",-0.642857142857143,0.0961805555555556
"4685",0.577350269189626,0.133974596215561
"4693",0.595238095238095,0.132291666666667
"4694",0.507346289431841,0.199359223977008
"4706",0.431244346017065,0.286072853515408
"4716",0.455097979527038,0.257192085458772
"4778",-0.142857142857143,0.75203373015873
"4789",-0.0507346289431841,0.905035683510241
"4790",NA,NA
"4791",NA,NA
"4794",NA,NA
"4797",0.419169191669641,0.301266632663344
"4798",0.738095238095238,0.0458333333333333
"4800",-0.0634182861789801,0.881409154574204
"4803",0.245495126515491,0.557856585182126
"4811",0.380952380952381,0.359871031746032
"4814",0.380952380952381,0.359871031746032
"4818",0.333333333333333,0.427876984126984
"4828",0.43915503282684,0.276326840133745
"4829",0.428571428571429,0.299206349206349
"4830",0.19047619047619,0.664583333333333
"4835",NA,NA
"4836",0.251501515001784,0.547942603559827
"4849",0.0952380952380952,0.840128968253968
"4853",-0.171456913756851,0.684763221121334
"4874",0.214285714285714,0.619097222222222
"4889",0.880952380952381,0.00724206349206349
"4894",-0.214285714285714,0.619097222222222
"4919",0.0952380952380952,0.840128968253968
"4923",0.121987509118567,0.773532403327246
"4924",0.142857142857143,0.75203373015873
"4925",-0.577350269189626,0.133974596215561
"4933",0.317091430894901,0.444104660971675
"4934",-0.0952380952380952,0.840128968253968
"4945",0.619047619047619,0.114980158730159
"4946",0.333333333333333,0.427876984126984
"4947",0.261904761904762,0.53640873015873
"4948",0.577350269189626,0.133974596215561
"4949",0.214285714285714,0.619097222222222
"5016",0.577350269189626,0.133974596215561
"5022",-0.0476190476190476,0.934871031746032
"5026",0.19047619047619,0.664583333333333
"5028",0.238095238095238,0.582142857142857
"5031",NA,NA
"5044",0.214285714285714,0.619097222222222
"5048",-0.171456913756851,0.684763221121334
"5050",-0.261904761904762,0.53640873015873
"5054",0.404761904761905,0.326835317460317
"5056",0.166666666666667,0.703323412698413
"5059",0.261904761904762,0.53640873015873
"5062",0.333333333333333,0.427876984126984
"5063",0.380952380952381,0.359871031746032
"5068",0.285714285714286,0.500793650793651
"5069",0.238095238095238,0.582142857142857
"5071",0.238095238095238,0.582142857142857
"5075",0.0476190476190476,0.934871031746032
"5076",0.166666666666667,0.703323412698413
"5083",0.19047619047619,0.664583333333333
"5087",-0.238095238095238,0.582142857142857
"5090",-0.595238095238095,0.132291666666667
"5092",0.904761904761905,0.00456349206349206
"5094",-0.166666666666667,0.703323412698413
"5096",0.238095238095238,0.582142857142857
"5124",-0.880952380952381,0.00724206349206349
"5125",0.452380952380952,0.267460317460317
"5130",-0.0476190476190476,0.934871031746032
"5136",0.0476190476190476,0.934871031746032
"5139",0.30952380952381,0.461805555555556
"5140",0.428571428571429,0.299206349206349
"5143",0.404761904761905,0.326835317460317
"5151",0.404761904761905,0.326835317460317
"5152",0.285714285714286,0.500793650793651
"5156",0.0476190476190476,0.934871031746032
"5163",-0.0476190476190476,0.934871031746032
"5165",0.333333333333333,0.427876984126984
"5169",-0.166666666666667,0.703323412698413
"5171",0.476190476190476,0.243055555555556
"5172",0.333333333333333,0.427876984126984
"5174",0.333333333333333,0.427876984126984
"5180",0.714285714285714,0.0575892857142857
"5181",NA,NA
"5182",-0.166666666666667,0.703323412698413
"5183",-0.119047619047619,0.793005952380952
"5185",0.261904761904762,0.53640873015873
"5186",NA,NA
"5190",-0.261904761904762,0.53640873015873
"5191",-0.0476190476190476,0.934871031746032
"5194",0.166666666666667,0.703323412698413
"5196",0.428571428571429,0.299206349206349
"5197",-0.142857142857143,0.75203373015873
"5199",-0.30952380952381,0.461805555555556
"5200",0.380952380952381,0.359871031746032
"5202",-0.19047619047619,0.664583333333333
"5204",0.142857142857143,0.75203373015873
"5211",0.0952380952380952,0.840128968253968
"5216",0.238095238095238,0.582142857142857
"5226",NA,NA
"5263",0.666666666666667,0.0830853174603175
"5266",0.404761904761905,0.326835317460317
"5270",-0.19047619047619,0.664583333333333
"5279",0.666666666666667,0.0830853174603175
"5281",0.0238095238095238,0.976785714285714
"5283",0.357142857142857,0.389384920634921
"5289",0.30952380952381,0.461805555555556
"5290",0.518267489310482,0.188235824435888
"5296",0.240989487480125,0.565334517889192
"5297",0.761904761904762,0.0367559523809524
"5298",0.476190476190476,0.243055555555556
"5302",-0.119047619047619,0.793005952380952
"5310",0.428571428571429,0.299206349206349
"5328",0.214285714285714,0.619097222222222
"5330",0.714285714285714,0.0575892857142857
"5336",-0.0714285714285714,0.881994047619048
"5338",0.238095238095238,0.582142857142857
"5339",NA,NA
"5340",0.5,0.216170634920635
"5341",0.380952380952381,0.359871031746032
"5346",0.428571428571429,0.299206349206349
"5378",0.452380952380952,0.267460317460317
"5379",0,1
"5380",0.0238095238095238,0.976785714285714
"5381",0.395216666431375,0.332517107933828
"5383",-0.0714285714285714,0.881994047619048
"5391",0.571428571428572,0.151140873015873
"5399",NA,NA
"5400",-0.142857142857143,0.75203373015873
"5401",0.0238095238095238,0.976785714285714
"5403",-0.380952380952381,0.359871031746032
"5404",-0.119047619047619,0.793005952380952
"5405",-0.261904761904762,0.53640873015873
"5406",0.142857142857143,0.75203373015873
"5407",0.19047619047619,0.664583333333333
"5408",0.0714285714285714,0.881994047619048
"5409",0.357142857142857,0.389384920634921
"5410",0.483196756951126,0.225148916797635
"5411",-0.380952380952381,0.359871031746032
"5413",-0.380952380952381,0.359871031746032
"5415",-0.666666666666667,0.0830853174603175
"5416",0.666666666666667,0.0830853174603175
"5417",0.642857142857143,0.0961805555555556
"5419",0.238095238095238,0.582142857142857
"5420",0.285714285714286,0.500793650793651
"5421",0.261904761904762,0.53640873015873
"5423",0,1
"5432",0.714285714285714,0.0575892857142857
"5441",0.261904761904762,0.53640873015873
"5442",0.619047619047619,0.114980158730159
"5443",0.119047619047619,0.793005952380952
"5446",0.261904761904762,0.53640873015873
"5450",0.261904761904762,0.53640873015873
"5451",0.214285714285714,0.619097222222222
"5453",-0.0714285714285714,0.881994047619048
"5454",0.690476190476191,0.0693948412698413
"5455",0.0238095238095238,0.976785714285714
"5456",0.5,0.216170634920635
"5486",-0.0952380952380952,0.840128968253968
"5491",-0.261904761904762,0.53640873015873
"5516",-0.195180014589707,0.64322553863723
"5518",-0.062347968638855,0.883400159675021
"5521",-0.19047619047619,0.664583333333333
"5523",NA,NA
"5524",0.5,0.216170634920635
"5525",0.763762615825973,0.0273960439091121
"5526",0.0952380952380952,0.840128968253968
"5527",0,1
"5528",-0.214285714285714,0.619097222222222
"5529",0,1
"5530",-0.261904761904762,0.53640873015873
"5531",0.333333333333333,0.427876984126984
"5532",0.238095238095238,0.582142857142857
"5533",0.238095238095238,0.582142857142857
"5534",-0.0238095238095238,0.976785714285714
"5536",0.0238095238095238,0.976785714285714
"5538",0.119047619047619,0.793005952380952
"5541",-0.0476190476190476,0.934871031746032
"5542",0.80952380952381,0.0217757936507936
"5543",0.714285714285714,0.0575892857142857
"5544",0.428571428571429,0.299206349206349
"5546",-0.0476190476190476,0.934871031746032
"5548",0.452380952380952,0.267460317460317
"5551",0.261904761904762,0.53640873015873
"5552",0.142857142857143,0.75203373015873
"5553",0.0952380952380952,0.840128968253968
"5556",0.357142857142857,0.389384920634921
"5557",0.80952380952381,0.0217757936507936
"5558",0.642857142857143,0.0961805555555556
"5559",0.333333333333333,0.427876984126984
"5560",0.333333333333333,0.427876984126984
"5561",0.0952380952380952,0.840128968253968
"5565",0.0380509717073881,0.928723264517836
"5566",0.0952380952380952,0.840128968253968
"5567",0.547619047619048,0.170982142857143
"5571",0.523809523809524,0.196626984126984
"5577",-0.285714285714286,0.500793650793651
"5580",0.0238095238095238,0.976785714285714
"5584",0.285714285714286,0.500793650793651
"5588",-0.0714285714285714,0.881994047619048
"5590",0.547619047619048,0.170982142857143
"5595",0.357142857142857,0.389384920634921
"5597",0,1
"5598",-0.0714285714285714,0.881994047619048
"5599",-0.142857142857143,0.75203373015873
"5600",-0.0714285714285714,0.881994047619048
"5601",0.333333333333333,0.427876984126984
"5602",-0.0714285714285714,0.881994047619048
"5604",0.714285714285714,0.0575892857142857
"5605",0.0952380952380952,0.840128968253968
"5607",0.619047619047619,0.114980158730159
"5608",0.238095238095238,0.582142857142857
"5609",0.404761904761905,0.326835317460317
"5610",-0.333333333333333,0.427876984126984
"5611",0,1
"5612",0.785714285714286,0.0279265873015873
"5613",0.5,0.216170634920635
"5614",0.0238095238095238,0.976785714285714
"5615",0.380952380952381,0.359871031746032
"5616",-0.380952380952381,0.359871031746032
"5618",0.476190476190476,0.243055555555556
"5619",-0.357142857142857,0.389384920634921
"5620",0.404761904761905,0.326835317460317
"5621",-0.428571428571429,0.299206349206349
"5622",0.30952380952381,0.461805555555556
"5624",0.571428571428572,0.151140873015873
"5627",0.428571428571429,0.299206349206349
"5628",-0.523809523809524,0.196626984126984
"5629",0.428571428571429,0.299206349206349
"5630",0.642857142857143,0.0961805555555556
"5631",0.0714285714285714,0.881994047619048
"5636",0.642857142857143,0.0961805555555556
"5638",0.547619047619048,0.170982142857143
"5639",0.380952380952381,0.359871031746032
"5642",0.0714285714285714,0.881994047619048
"5648",0.577350269189626,0.133974596215561
"5649",-0.0952380952380952,0.840128968253968
"5654",-0.19047619047619,0.664583333333333
"5655",0.666666666666667,0.0830853174603175
"5657",0.571428571428572,0.151140873015873
"5658",-0.119047619047619,0.793005952380952
"5659",0.119047619047619,0.793005952380952
"5660",0.0238095238095238,0.976785714285714
"5661",0.0952380952380952,0.840128968253968
"5662",-0.119047619047619,0.793005952380952
"5665",0.30952380952381,0.461805555555556
"5666",0.119047619047619,0.793005952380952
"5667",0.428571428571429,0.299206349206349
"5668",0.0476190476190476,0.934871031746032
"5669",0.380952380952381,0.359871031746032
"5672",0.571428571428572,0.151140873015873
"5677",-0.29277002188456,0.481617814312155
"5678",0.238095238095238,0.582142857142857
"5680",0.261904761904762,0.53640873015873
"5681",0.0238095238095238,0.976785714285714
"5682",0.238095238095238,0.582142857142857
"5683",-0.119047619047619,0.793005952380952
"5687",0.166666666666667,0.703323412698413
"5688",-0.261904761904762,0.53640873015873
"5697",-0.19047619047619,0.664583333333333
"5699",0.311739843194275,0.452253005141476
"5700",NA,NA
"5701",0.0714285714285714,0.881994047619048
"5702",-0.428571428571429,0.299206349206349
"5704",NA,NA
"5708",-0.327326835353989,0.428691507235313
"5709",0.357142857142857,0.389384920634921
"5710",-0.166666666666667,0.703323412698413
"5711",-0.166666666666667,0.703323412698413
"5712",0.0714285714285714,0.881994047619048
"5718",-0.666666666666667,0.0830853174603175
"5719",0.357142857142857,0.389384920634921
"5721",0.119047619047619,0.793005952380952
"5722",0.857142857142857,0.0107142857142857
"5723",0.0952380952380952,0.840128968253968
"5724",0.571428571428572,0.151140873015873
"5725",0.0714285714285714,0.881994047619048
"5761",0.285714285714286,0.500793650793651
"5764",0.285714285714286,0.500793650793651
"5765",0.595238095238095,0.132291666666667
"5768",0.452380952380952,0.267460317460317
"5770",0.80952380952381,0.0217757936507936
"5771",0.571428571428572,0.151140873015873
"5779",0.476190476190476,0.243055555555556
"5782",0.738095238095238,0.0458333333333333
"5783",0.738095238095238,0.0458333333333333
"5784",0.880952380952381,0.00724206349206349
"5785",0.857142857142857,0.0107142857142857
"5808",0.904761904761905,0.00456349206349206
"5809",-0.027277236279499,0.9488805457665
"5811",0.976190476190476,0.000396825396825397
"5815",0.547619047619048,0.170982142857143
"5861",0.428571428571429,0.299206349206349
"5863",0.412393049421161,0.309958735506241
"5959",NA,NA
"5964",0.467074242146171,0.243269916633995
"5972",NA,NA
"5986",NA,NA
"6011",0.119047619047619,0.793005952380952
"6023",-0.142857142857143,0.75203373015873
"6026",0.523809523809524,0.196626984126984
"6029",0.523809523809524,0.196626984126984
"6112",-0.30952380952381,0.461805555555556
"6126",0.251501515001784,0.547942603559827
"6134",0.0476190476190476,0.934871031746032
"6249",NA,NA
"6301",0.291724116423309,0.48325820802848
"6302",-0.0238095238095238,0.976785714285714
"6305",0.436435780471985,0.279658290904658
"6308",0.333333333333333,0.427876984126984
"6309",-0.214285714285714,0.619097222222222
"6311",0.215622173008532,0.608064773895001
"6323",-0.142857142857143,0.75203373015873
"6419",0.30952380952381,0.461805555555556
"6420",NA,NA
"6432",NA,NA
"6440",NA,NA
"6477",0.383240403812243,0.348683741124201
"6483",NA,NA
"6514",NA,NA
"6515",NA,NA
"6533",0.577350269189626,0.133974596215561
"6562",-0.0311739843194275,0.941586637631995
"6601",NA,NA
"6791",NA,NA
"6874",NA,NA
"7181",NA,NA
"7381",NA,NA
"7465",-0.0359287878573978,0.932691474909088
"7506",0.857142857142857,0.0107142857142857
"7603",0.179643939286989,0.670344277246939
"7633",0.19047619047619,0.664583333333333
