ID,Comp1_Loading,Comp2_Loading
19,0.023144479222635957,0.019001957879234355
22,0.026682317317027603,0.010686730546485291
23,0.01642093163463776,0.014510802830784266
28,0.02953690866761878,0.014497462451086605
30,0.028622491026856826,0.016316245809680892
31,0.02679162924226481,4.87050095476672e-4
32,-0.005471767299871844,-0.014355356666958835
33,0.0287528157988379,0.010540394345235569
53,0.024507715040679383,0.011137262767577327
57,0.013927944816061952,0.02058062027596067
58,0.003973786891535444,-3.391278735433118e-4
59,0.022273335824402794,0.016976047222987758
73,0.01663908390237565,0.019101894289637142
74,0.017016870080057186,0.013366082934536234
87,0.01833092563624977,0.02342821316381629
153,0.01673544488142456,0.014204625304442725
165,0.007767933372120476,-0.006944766433225327
182,0.00547263942510453,-0.001176440064390463
194,0.006986156695439764,-5.776042866759983e-4
195,-0.005897972146043829,0.025716370069958375
213,-0.021408413138726188,-0.002090283055343379
214,-0.012088747376726992,0.024662129502687077
216,-0.013595195275836889,0.008980406485405365
217,-0.01753169916907873,0.01976165531990244
219,0.021323008172771805,-0.008557428730965776
224,-0.022315699745781913,-0.0013500467913026325
231,-0.01355073067010185,0.02260928466401926
232,-0.013550196251260048,0.02201239248396746
235,-0.02289032415314085,0.0023032712631803703
236,-0.023663817355161022,0.0013085135739705567
238,-0.020916920807002432,-0.008777546719315936
248,-0.025969813211375366,-0.015390357599133138
262,-0.024794119732579417,-0.014703011104522438
263,-0.026618264382791194,-0.006003519878575876
315,-0.0074938134613195045,0.044382101441014406
322,-0.004377843470408748,0.0452174256638596
353,-0.004664913895679895,0.045548993641318106
360,-0.0041806759436023525,0.04559434772909786
373,-0.0015629615077167027,0.044261659826457474
374,-0.001139747649526339,0.043266611955310355
375,7.062586333831216e-4,0.04350293092731466
382,0.0020130615725471716,0.043548309766490094
408,-3.4097147449301934e-4,-0.037379949004801696
413,-0.002153297922852502,-0.014429837637423793
414,-0.006865600441076714,-0.029819795320401576
415,0.0061052510606182,-0.03797475126288387
421,0.008469264700475763,0.0380476896634844
422,-0.0028201868744786272,0.02984204722367497
424,5.395756298035363e-4,0.020271235564274116
425,0.0027069708679471637,0.01932402399694247
429,0.0034902844330880916,-0.04172482723569812
433,-0.003714241359025569,-0.027234776830216943
436,1.9998587648704718e-4,-0.031543421011454305
482,0.0019448456690169874,0.04720998418341218
489,-0.0023563915235754076,0.04183164656337956
502,-0.002433974309466741,0.04447722646293432
508,-0.00787185688515569,0.009846210053995563
543,-0.01219677387287038,0.04286310850330519
550,-0.0010911821597416535,-0.03890234466524668
553,-5.75823836265838e-4,-0.040378062549316605
557,0.01000088620920051,0.019585975038069872
564,0.0012775569653654662,0.017989941653736474
565,-7.58439437231213e-4,-0.043498554922881114
566,-2.9828985787622885e-4,-0.04196854113949173
568,-3.815199063634859e-4,-0.04353776907728216
574,-5.317891311485159e-4,-0.04412985978268096
575,-7.640452407476735e-4,-0.043896033960772636
578,-0.0011911139461067062,-0.044045766520613185
579,-0.0012470519572999345,-0.03913122914284036
583,0.011039420380858712,0.05018814506646476
584,-3.0273961368757857e-4,-0.04262184144249163
585,0.0012609967834983997,-0.03607399998428638
586,-5.271639024398732e-4,-0.04411127793437633
590,0.008908645223409548,0.052376447374427815
593,0.011735576671588869,0.04583357004244369
594,0.011908550061580063,0.01453996161525609
595,0.010993883659333932,0.05160721386096173
596,0.010177904842932732,0.03559284661228804
598,0.010049592523799954,0.0511803316325449
599,0.007855913624871747,0.046837398856467975
600,0.007899827376981087,0.04338877192841551
601,0.009518497860697795,0.050732652193856434
602,7.621741489990459e-4,-0.029663956675926213
603,0.008994551843014769,0.05030949753384533
604,-4.011414929118159e-4,-0.04472858625803926
605,0.0010756500939511167,-0.0017281503647231789
606,0.007055661779638163,0.052351614466362016
611,0.009312578037074838,0.05120714393936034
612,0.006167190885139987,0.025386847325568274
625,0.007361463211595252,0.052141800830513944
633,0.004802577809082869,0.04491950976400699
701,0.0038444440538127973,0.03251797265578248
713,0.0013820303109281576,0.04436435521720777
722,2.0546028527122036e-4,-0.04700274051083877
725,-0.004306259762098825,-0.01950323743324759
739,0.008155982165424812,-5.119642442105608e-4
743,-0.011904109439470224,0.02561786315791506
747,-0.01380691093226816,-0.018797625082826248
748,2.4389262074030643e-4,0.03639973250618806
753,6.603637590739657e-4,-0.05026752221060586
766,-0.0022633358154670043,-0.004478866009902653
771,0.00930030940949758,0.009283178267638793
775,0.014763143052526033,0.02247699081404834
776,-0.002570752158771942,-6.919470578253188e-4
777,-0.007021187102558067,0.019452372999431155
778,-0.016164839316138515,-0.0430489889431197
781,0.003296723162387442,0.06470754718457937
782,-0.007479117308319892,0.03852696863447382
798,-9.793061638344987e-5,0.052219209166040614
806,0.0021157445154604904,-0.02905589433658682
808,0.0066325740008432825,-0.05649237986988804
809,0.005796246141441238,0.06388165798514736
811,0.01802742685013144,-0.05084048557888876
822,0.007725635884222374,-0.049007428866740706
823,0.0057370401537020265,0.028436505427704033
828,0.021318382933077227,0.031853259297391315
835,9.844376282002274e-4,-0.008533480044349184
836,0.010665712539072484,0.05700534784871479
837,0.01131439170573778,0.054739235519018034
844,0.01992946131410442,-0.044326663574356245
846,0.026585835354355814,0.030806794304059356
851,0.015969035254750026,0.055760944972673226
855,0.005074708165220204,0.06754796820718743
858,0.0346829858646058,-0.008581155762556896
862,-9.132318951976452e-4,0.03771319983827109
875,-0.0014013587673645117,-0.025568523880122988
884,-0.002328152995765496,0.03211620627019791
886,0.018457359616339448,0.03735900382228444
887,-0.017842099368372756,-0.046436252266080016
888,-0.014825452290153602,-0.03598387122544959
895,0.003983806703000897,0.0014912609321308537
901,-0.012028229544289492,0.016363528000764165
903,0.00877219199788464,-0.005650633831992611
909,-0.01919389949704523,-0.04591911870692031
916,-0.023569064488136938,-0.03580177722837607
917,-0.007294651607429475,-0.04928181569962955
919,0.021565313842413832,0.0570849439011763
983,-0.022815372818515988,-0.041551597833110306
988,0.012288260434895152,-0.03951765050427097
993,0.03415034804576155,-0.014251478253524645
996,0.02178600851190346,-0.02910550594101357
1058,0.030788418549352825,-2.646892201812253e-4
1063,-8.649544627103284e-4,-0.04099828738610471
1066,-0.009253410327821777,-0.027201733820400704
1068,0.023891589092412055,-0.02010527465345551
1083,-0.008094066404665357,0.06763171150962283
1085,-0.006405263096811447,0.06717795219757021
1087,0.02374161374402457,-0.020367572472952893
1089,0.008582810227756109,0.021152066661350506
1096,0.02063446541858367,-0.028093930715902358
1097,-0.0037938370627192877,-1.399936676585702e-5
1108,-0.023832462344330032,-0.04592546013803611
1119,0.021654540036366885,-0.026712253994227633
1120,0.01786135138826787,-0.019416206341316276
1122,0.020804941384543287,-0.0315164616296042
1126,0.021971541024209975,-0.007078461087407195
1131,0.005978109739380347,-0.04407630438551064
1132,0.015047294535063004,0.005888971680700135
1140,0.010303267445778155,-0.03443165519573185
1147,0.010096071671503474,-0.032905196910020716
1150,0.0072018273752735415,-0.03774140095213643
1151,0.00807784717658979,-0.035445403524570325
1152,0.014933214626542632,-0.04428164229083341
1162,-0.019606997045228683,-0.0343485251231477
1164,0.009562510808820068,-0.04578143442344446
1173,0.013229739431843997,-0.0432168555041696
1174,-0.002980518167164189,-0.034390982088903246
1179,0.02374705161777926,-0.015967420297326115
1200,0.018373527933782524,-0.03211979663368621
1205,0.00936913595252286,-0.04498721799587937
1208,-0.014256244887664022,-0.04975331249506629
1209,-0.0055303032459667455,-0.050895465372264526
1217,0.018979376196824962,-0.031013877630076587
1218,0.019197901031951386,-0.03058776836984133
1222,0.010938950950988013,-0.04029298305924989
1223,0.018631968387945626,-0.031549140990962746
1227,0.019682996436047054,-0.029126140129032092
1233,0.017878013092930193,-0.032863306737867415
1239,-0.032562794492762205,0.01341470511499709
1247,0.03616233719458936,-0.01027714574488505
1253,0.02313859560855234,-0.0194916144857884
1254,0.01866550006033761,-0.03650890979878445
1255,0.011162738148081013,-0.04415244239210369
1266,0.006715282419299521,-0.05031128304573996
1273,0.023908328601743488,-0.018160459470093523
1289,0.011303171200398091,-0.04957951019118229
1312,-0.01787445163281169,-0.01907888294511842
1336,0.0359045646072967,0.008807959709871423
1340,0.03317537621666383,-0.021792137447125617
1354,-4.41966983453815e-4,0.01824790090530261
1355,0.02684055873672401,-0.015010097779734234
1356,0.02555727902959921,-0.026273392493065782
1357,0.024144035656833353,-0.019357941020687483
1359,-0.013233962513233513,0.014633613122261581
1360,0.031642167389678656,0.004635271151521872
1361,-0.0022175720414280035,0.030667529373435413
1362,0.029641052063291505,-0.01981839090674268
1364,0.02797550360432022,-0.014660160319635815
1365,-0.004075149716154532,0.02857821559720601
1368,0.009153633006247663,-0.0522448779339617
1371,-0.016662211309015636,0.02573210095916384
1377,0.03610314654657313,-0.001605739554658487
1379,-0.021258864861437562,-0.054296491166832085
1382,-0.010079284055460096,0.05087772152414235
1384,-0.0349494448286358,0.02621284904129081
1385,-0.033359827755745225,0.03477300626873204
1391,0.031809629470647534,-0.016923567210522093
1393,-0.013405703356495564,0.05564926257559663
1395,0.015938612498571255,-0.0021884947410001974
1400,0.0048119871043790854,0.010220460438180992
1401,-0.002596244819501369,0.019261557280235916
1410,0.0238355795500691,-0.017712412069688127
1416,0.029665475893859965,-0.012056416975359209
1419,0.022181874000204254,0.017497649336334183
1422,0.026035826017005652,-0.015572149895323259
1429,-0.0042485104275248,0.0538274775966473
1431,-0.006577058805581122,0.056798191288716944
1433,-0.005279096233657078,0.05526793628027872
1443,-0.01573749890056051,0.05181151364051653
1451,-0.001029080831487109,0.007728613375815337
1454,-0.010107801380966615,0.04917812714533349
1455,0.03753125088437305,0.002137350613045011
1456,0.017363642617201188,-0.017266468380982038
1458,-0.014395781845556248,0.04432822886125901
1459,-0.03342740644251851,0.03489504746742644
1460,0.033144090096267634,-0.020234640395741247
1464,-0.01623893085848067,0.04701008007811492
1467,-0.017299649502163034,0.03267353701961717
1473,0.03467301892419882,-0.014333996633549308
1475,-0.021891386957058976,0.030660399997122865
1476,-0.0040247974332221345,0.04437613689848783
1484,-0.023170035634513652,0.020755017623491197
1488,-0.01469383400286755,0.005478076289115655
1498,-0.011827125809470733,0.018671730824433717
1502,-0.010507045269814398,0.0321084367776585
1506,-0.010562656523982448,-0.04758719157480945
1516,-0.00895411185986626,-0.010150555976634095
1525,-0.015672886737584654,-0.01990029561411477
1527,0.028489085028595512,-0.017906481880347977
1553,0.023632507768688096,-0.026787731417538204
1558,-2.600194337681467e-4,-0.01284249582886509
1559,0.01640871006712864,-0.0031015283282460606
1562,0.03199638238950083,-0.015962105190399076
1564,0.003306017177286731,-0.047300297585913455
1567,0.02800967068287052,-0.012757620355349764
1568,0.028178851113537514,-0.015837196423717035
1569,0.021705121962413813,0.01885254499832511
1570,-0.005804850622542784,-0.013674127730131632
1574,0.022657171595664508,-0.014547169345965406
1575,0.009173041876671449,-0.02328506377720755
1586,0.013138459174626806,0.029407459078852654
1588,0.024311853501768184,-0.015303664216108308
1592,0.027224783305971507,-0.0034478832269096574
1600,0.015697223687475906,-0.025645517353268255
1601,0.024557644584929126,-0.0011041700779754933
1605,0.024517382054174947,-0.018410520713694794
1617,-0.0058220795475763315,0.05808739356270025
1620,0.017356504263177783,0.03234993008426149
1621,0.020180890658914246,-0.029504996118273532
1624,-0.016542142547670453,0.011204380003687262
1626,0.007747165218599567,-0.018436452236655992
1627,0.0027177670646135834,-0.06179719823766749
1629,-0.01622233888957399,-0.03572752932436186
1631,0.003870345658258783,-0.05836489272851607
1632,0.006689712706557334,-0.05297766454306529
1633,0.012565941591960601,-0.046125813497840056
1635,0.02391504653063074,-0.01656747264258977
1640,6.319414568634812e-4,-0.06044241331267549
1660,0.025426067005607126,-0.00786030356479948
1662,0.015303484072941494,0.0023767477558187962
1664,0.023738597631546773,0.011744014075161928
1670,0.021690182524325516,0.05623008003376598
1686,0.00895800885280718,0.06224904320006635
1688,0.006050159819964654,0.06670963656030043
1689,0.018708583789801815,0.05730907257164882
1690,0.006172418166732651,0.06522658488718824
1696,-0.002518819072660106,0.0517326925971434
1697,0.02252260189145902,0.039524441256472594
1698,0.02451235021126975,0.04887020014274263
1706,0.016304085207938433,0.018896947664350083
1709,0.007448638498310726,-0.05631021925354089
1710,0.017575832722900083,0.04077717423918322
1712,0.007183364726502391,0.011292250529954764
1714,-0.015309833340690965,0.021439270779237213
1715,0.018220672699476664,-0.03189838903740617
1716,9.65029891031939e-4,0.04576323113726769
1717,0.008054216566191454,0.01695996397420006
1723,-0.005813000237086059,0.05400576563022064
1727,-0.00786119146848116,0.007264715905976656
1729,0.0018716371277934546,0.03575197003855043
1730,0.018568110912043623,0.03746744629052741
1731,0.0347070587064412,-0.0058238484973466235
1734,0.033972099815768736,-0.01877110192447278
1736,0.019979637964899828,-0.02692138621419603
1737,-0.012036890910326448,0.04259513614530442
1742,-0.0014361039887051592,0.024907630312548744
1744,0.03683498621170208,-0.015276717903074057
1746,0.03159457104251956,-0.027906784248974283
1747,0.01231402592846918,-0.03920106762449451
1748,0.04031499770741954,0.010957427806034538
1749,0.02567632345311351,-0.022486012158572696
1754,3.897063643988664e-4,-0.04583445323286664
1757,-0.022291739240153,0.02055419580229117
1760,0.025185549804410786,-0.009847139039491332
1761,0.024539038985806498,-0.015776082336059902
1764,0.023966778257179473,-0.01629130858626285
1770,-0.006302811841120162,0.04220639529946553
1771,0.019828719120964754,0.030327389225266618
1779,0.012296128428996847,-0.04472316033675604
1780,0.0237356450355049,-0.015609679316314747
1781,0.025266825986760312,-0.01715597887447625
1784,0.030529890692649452,0.0055831683837400704
1785,0.003977619951909911,0.042966535853556996
1786,0.02882615704802663,-0.0179912935824768
1788,0.01930869849283034,-0.002945553872219431
1795,-0.008083988512751918,-0.05077765191332261
1798,0.01070807049965878,0.002120114109173033
1799,-0.004373537295021856,0.06897491097723382
1800,-0.004995085232973265,-0.0036669956369073907
1801,0.015178063416657178,-0.011890638850773504
1802,-0.003467023519904686,0.042813540819051005
1803,0.016321633958204563,-0.041989444770673845
1806,8.883406278594077e-4,-0.013474478466070748
1808,0.01422783133238689,-0.025580598521725856
1809,0.0237356450355049,-0.015609679316314747
1811,0.02457396705805937,-0.01724285930366991
1812,0.014183946790777033,-0.005387556965463284
1813,0.01825003594032706,-0.032320014829320384
1814,0.03395865035160881,-0.01958592530732548
1817,0.038852573765598475,-0.010142182677081961
1818,-0.009694211095921685,0.05357623245191289
1820,0.023735645035504897,-0.015609679316314743
1823,-0.005145193781208444,-0.025153548275556714
1825,0.02297532157277384,-0.03865916938505433
1826,0.019130274647288614,0.03809806186813935
1828,0.019312089721384273,-0.00552257204160227
1829,0.027744571499606942,0.0030204565286789365
1830,0.029168919323487707,-0.001232666839994165
1831,0.028074697473147184,-0.019126453746901417
1832,0.027067340204033806,-0.020622348278491336
1836,0.03686489354301395,-0.010578904201090157
1837,0.023083152443391684,-0.009156922800632043
1841,0.01838361055808654,0.01039834954290892
1847,-8.025742345575519e-4,-0.01602757398258052
1856,0.015398829877824708,-0.05863467764916357
1867,0.007611255885127892,-0.047031290977401705
1868,0.02314837031013605,0.03275957860451585
1869,-0.02080003356130088,-0.004992763233430921
1870,0.02996969737945099,-0.01977843928124123
1879,0.02727856851187394,-0.02210643919677995
1881,0.015098548177990823,-0.03691364176401372
1883,0.021114241020402814,-0.042140258487603444
1884,0.014827883427057422,-0.03748108969150558
1885,0.0047175542314466185,-0.04990542074027108
1887,0.012975951225631147,-0.04756792956941775
1889,0.02712700568730525,-0.015349335208913883
1890,0.015166228434930264,-0.0407696363274321
1891,-0.00796217448675581,-0.03726775072226058
1894,-0.022849569684080463,-0.033383812086905565
1896,0.005744580777676687,-0.05190577668595393
1897,0.006485010309976799,-0.050938427044851006
1903,0.02246510268636818,-0.04003713878048907
1904,-0.013075405051723164,-0.03941966762423798
1905,0.009033609150825718,-0.05102063204301421
1906,0.01626641846508067,-0.03466216125842068
1914,0.015033758021688591,-0.037403132335599484
1915,-9.257295670726842e-4,-0.04517442341088514
1920,0.03728676701782818,-0.01286106966353233
1921,0.004672580909506985,0.02794190171734016
1922,-0.004888218598585232,-0.05762273203179444
1924,0.017787995213026375,-0.031024889806676125
1925,-0.003409462933626344,-0.04846671350103859
1929,0.022694237415810965,-0.041017422598305965
1930,0.014803968946930831,-0.036991763166820284
1933,0.008250264507405463,-0.041447683267560376
1939,-0.025511182264799162,0.02862055946715905
1941,-0.017136737137149763,-0.00421333087881622
1942,5.826226677764961e-4,-0.0512890840593856
1948,-0.0015703132985240445,0.02908499798669716
1957,-0.030968637573551262,-0.019877782625945202
1987,0.010432394913945485,-0.041153185586901155
1997,0.03172687854299294,-0.037508529820701526
2007,0.01913301098786866,-0.010647269038102829
2008,0.013129514526897357,-0.006674777520235601
2014,0.014746021741571257,0.05113130487223386
2015,0.029525851377408614,-0.018781207661015927
2018,0.013748612200391301,-0.02743518972793194
2019,0.012617655228768692,-0.028676408284783298
2022,0.01922427462937132,-0.0233031355242361
2026,0.011269196514633073,-0.04695927602782167
2046,0.02852392263340165,-0.03499261346437791
2085,0.020504081996303717,0.049192325864159434
2088,-0.003057328580167603,0.02033684012960809
2090,-0.017466490859774166,-0.022342872766757733
2101,-0.01794017226251101,-0.02206433581802501
2107,0.012143876022465439,0.06602425132253026
2108,-0.008864777066981975,-9.369650247227419e-5
2113,-0.02016771686062714,0.056232234245873314
2115,-0.023053585658196388,-0.00902574656563206
2116,-0.015726576774685756,-0.026938592432709827
2141,-0.007643820400256485,-0.013569530999158707
2148,0.001699535320444245,0.06676364197221298
2156,0.014185195412352572,0.06304509360966891
2159,0.012099045587014703,0.05718163039471607
2163,0.007431341744332866,0.051737533939811016
2164,0.012011690104701947,0.005351032537133461
2165,-0.013431875751836974,-0.029177135269441316
2174,-0.011877107097116368,-0.028630532045733546
2183,0.004525653487361645,0.0327183495894092
2188,-0.013742321090831395,-0.029972235679271646
2189,0.012329372982764769,0.0625122627888693
2206,0.01827781496816358,0.039694360016582865
2207,0.015303014032762203,-0.03483359171559586
2213,-0.017324867740136442,-0.0266724134250301
2221,0.020671141000801214,-0.025403774880278025
2239,-0.009263951219373798,-0.013705018827487979
2240,-9.67367654585454e-5,-7.19399480597385e-4
2242,0.008495126043244398,-0.014401238426291128
2248,0.009367703328965096,0.05589682216833253
2250,0.008831308700364386,0.058488429525612104
2268,0.01724125459659805,-0.03892993262780598
2283,0.012794988627368007,0.04980010688587422
2286,0.012653820290826618,0.050471740148918795
2287,0.007883825448384245,0.043160205251821605
2310,-0.00966028058709924,-0.011582267314478126
2313,0.041121149946809196,-0.002694825746313508
2318,0.024516145662969644,-0.018222441271320822
2324,0.0376886163057018,-0.007332062188151423
2326,-0.01053789621523873,-0.01628405681011173
2328,0.0010478004387816367,-0.023404428771046634
2329,0.0021066787527586053,-0.02465996396176287
2330,0.001916620665032895,-0.023005938800652048
2331,0.03481173060392726,-0.007865800941094602
2333,0.03774277690966231,-0.0038386556032500006
2335,0.03747239263765902,-0.0030963878290149317
2336,0.03690206549790166,-0.0037041694592397463
2338,0.0016355798544268134,-0.023793156231023658
2339,0.037215934310074944,-0.0035167197141060566
2343,0.03402348809738336,-0.004962848653806599
2344,0.03756046923622837,-0.004739000699209387
2345,0.036713238201695454,-0.0073413310026537015
2356,0.037295089381037094,0.008382403920363614
2357,-0.0067663165619492385,0.0043406677512398415
2366,0.03814668752627124,-0.005154155103825852
2367,0.03984769990667195,0.002067828906202358
2368,0.037563699620846824,-0.0066385087503480315
2370,0.03913092788601066,-0.0012970347581908422
2373,0.03829028181048061,-0.0054295696393299835
2376,0.038474294408538653,-0.008020464961626707
2384,0.021416000297288688,0.006012508895364048
2389,0.019551121184250706,0.02097113873368652
2406,-1.9075740609255802e-4,-0.05371176904161795
2408,0.031627508859027466,0.013470094791778646
2409,0.030421867312843333,0.008755827019704678
2411,0.019010351277350384,-0.019494623464555976
2412,0.03607036198364856,-0.01594145447985849
2415,0.02894409605001848,0.004111263108271892
2417,0.040641895546909834,0.004230173850547941
2422,0.037143084580403954,-0.006442783637189406
2423,0.022695940608682224,0.01048099493190068
2428,-0.024342712569532906,0.0050456199128526506
2430,0.036305435099007334,-0.011819576550625339
2434,0.039705030838564484,0.009293983701635884
2435,0.004750136975163048,0.0022204048777874526
2439,0.028316094587466045,0.0038364964233050703
2440,-0.02475958397008115,0.03168137299183349
2448,0.012023991873866033,0.03358535160290221
2451,0.013700048152404994,0.015539171443657773
2453,0.00840238199334205,0.007000635895621509
2454,0.015185088815703398,0.030462649198025934
2460,0.01621578649452823,0.027963449795477338
2463,-0.0022696144728728096,0.03353607420692126
2467,-0.0019391880999479322,0.03397020479795223
2468,-0.0018024591485996371,0.03471381655417079
2469,-0.00217360924351116,0.04061505057784766
2474,0.013499836750090463,-0.004701041024189236
2475,-5.000426782373284e-4,0.024760764934813828
2476,-0.028852383597054596,0.03819314174566961
2478,0.01696841596491111,-0.003114100689942593
2479,0.006732363083509565,0.03501800107490955
2490,0.00801657148334988,-0.03298506682250689
2495,-0.007381867813918452,0.004913516456329383
2498,-0.005657916166430128,-0.0019499992160587445
2499,0.03223718139593003,0.021811900528504954
2507,0.007335614195684829,0.016569885201697408
2512,0.011171564226009978,-4.692695926385347e-4
2518,0.007959405496646343,0.005774886904039584
2526,0.011234984128399749,0.02539229125890474
2531,0.020527445850114123,-0.009314738400939345
2537,0.018260967871374417,-0.016323705673924823
2541,0.016527295772086576,0.0046014932435532166
2542,0.02321720503397507,-0.01804164465082985
2548,0.002782328935201992,0.01772028385330592
2549,0.013558465386508916,0.018109172858662
2550,-0.0038346907075075052,0.02051250694336334
2552,4.5753908749973155e-4,0.030962617695957678
2553,0.017594688540359272,-5.235455783141049e-4
2554,0.010731942005703689,-0.006068324973444331
2555,0.01886063426720341,0.013208529766525944
2560,0.004001714309899782,-0.008178516473255936
2561,0.01682647736151889,0.022742407915860796
2563,0.013434548926235393,-0.004296176605739062
2566,0.006894251261157836,-0.007611232966045758
2567,0.01203103403626798,0.019771037785073355
2569,0.0248342310352157,0.01636020718874487
2574,0.013487048833680196,0.011449474560181114
2576,0.021124158198633076,-0.0038915422869404822
2579,-0.03714058144715093,0.009673311632923273
2580,-0.014465502898614287,0.004762388608736749
2583,-0.027143055313944064,0.035255176459718165
2586,0.036081422812803535,-0.010781480929960702
2588,0.01783375443931548,0.016981508240413782
2597,0.005832759245685037,-0.005213240521070987
2602,-0.017080923400514248,0.011971809623031956
2603,5.919240939497801e-4,-0.06028353168882574
2605,-0.010836326802280949,-0.009712378847711572
2606,-0.011435977049505868,-0.0037437609565083587
2607,-0.01623186532075099,0.00804432983157363
2609,-0.012349855525045254,-0.009885356021615058
2610,-0.014551326049717622,0.0040844420288191526
2611,-0.010396944230247441,-0.009221466173514239
2615,0.028525826287458422,-0.013131461959783881
2617,0.03102124746811792,-0.0034192799555935963
2619,0.007619610906873375,0.004805085758979926
2629,0.04089456800313316,-0.006018598965423619
2630,0.040714488877593435,0.004601746805380522
2631,-0.01680986603252287,-0.01360163316707546
2637,0.010817452954866502,0.0038464644844140284
2638,-0.022297288341667883,0.004084586551330929
2639,-0.015072232446774463,-0.01386448661888913
2640,0.003804808220442121,-0.005782381526445108
2642,0.004819082871983632,0.05143059377484173
2643,-0.016159435522851907,-0.0107175240580036
2645,0.012103036716998592,0.003608635037471493
2646,-0.017822407482138144,-0.011949697013274616
2647,-0.01672196948277197,-0.012268995327298164
2648,-0.01897549079684166,-0.01524944867704901
2652,-0.017164845493294244,0.04406048907387184
2658,0.03189549653845898,0.0071899653538019795
2666,-0.03496264156243679,0.0013568880566368756
2668,0.041196136614203266,-0.004601782007415639
2669,0.04106978417479689,-0.004796454875395172
2676,0.0235292079125382,0.03451704714533977
2677,0.0401746864314353,-0.0067823406043600295
2680,0.04157831447767596,-0.003502069260838494
2682,0.03821985714266836,-0.007016664548104248
2684,0.019201222183660768,-0.02811275934080971
2685,0.024464823045062676,-0.015762510286119972
2687,-0.002375307751816533,0.026539174643024865
2689,0.030246575417917587,-0.03338068084580181
2693,0.026477511675589312,-0.018145410336384768
2694,0.0237356450355049,-0.015609679316314747
2695,0.02363623704218281,-0.017835843189193495
2696,0.04117637722885732,-0.007588805225135661
2697,-0.01795086527304086,0.04858752076578713
2700,0.03641787113202941,-0.021685138870404377
2701,0.027195541910669693,-0.03503810635237111
2702,0.03764928910595208,-0.015612927591026336
2703,-0.01229366684537508,0.012144888370638708
2704,-0.022728199275967552,0.014401784834797548
2705,-0.009587386839342661,-0.058315847084125544
2708,0.03051503170489312,-0.036791267372117915
2709,0.02418236010574385,-0.015707285570276085
2710,0.026266827572804317,-0.01734299190195189
2711,0.017894779088614022,-0.053745191386669014
2712,0.02487270861319777,-0.045480756834972255
2714,0.02362589488303498,0.01684351963294925
2716,0.03428172015840238,-0.011828629268899738
2717,0.02454796867940282,-0.015777687475676854
2718,0.0035970127582551793,0.017468748629171114
2719,-0.0014517327936633786,0.016651379564531672
2720,0.031098424586916276,-0.018734851427695657
2722,0.03600117567419002,-0.016552913418887108
2723,0.03214408535619332,-0.006894177634482741
2725,0.004635203965294698,0.008400800130826277
2726,0.009291014980694524,-0.05023920119980482
2727,0.02443417765739416,-0.015756787718577196
2728,0.009172553624204723,-0.05105031261401861
2729,0.032175067770323244,-0.0053680701757334625
2732,0.034108404344527575,0.0013913100934772364
2734,0.0375540885616191,-0.014725785284161005
2735,0.028330960024906343,-0.03138927465124395
2736,0.02438969913166093,-0.01574836183056515
2737,0.025379987149709796,-0.016271087389353952
2740,-0.0023928958327296642,-0.0239651369910108
2743,0.02398188829301321,-0.02621619862585972
2745,0.020720257975223796,0.0057378424024087165
2746,0.0237356450355049,-0.015609679316314747
2750,0.02420345975805068,-0.015711596380605198
2751,0.018355893792735244,-0.025942987593597706
2753,0.0237356450355049,-0.015609679316314747
2754,0.023735645035504897,-0.015609679316314743
2756,-0.005258531983141267,0.03416017330629762
2758,0.019185880044115197,-0.029955625597393704
2759,-0.01828757173954266,-0.04297439936968415
2760,0.0016425908661724775,-0.045625396391789974
2761,-0.009803777112439876,-0.040203274846222076
2762,-0.0014194847646154167,-0.04974841120815659
2763,-0.007091973347298846,-0.03702206858210273
2764,-0.013227038840633325,-0.0537859416495684
2765,2.476198466451786e-5,-0.04581284951888598
2766,-0.0038609632732387066,-0.04679802437735018
2767,0.014295827708719788,-0.0410654811024436
2768,0.01987142243432998,-0.031985437623273105
2769,-0.014186084222031733,-0.04307062248830822
2770,-0.02225656764205865,-0.035344443560938965
2771,0.0030623245955093237,-0.04177640632907805
2772,-0.007652031883533014,-0.04663223214515628
2773,-0.011471382261802198,-0.04440993493409939
2774,-0.03013200995380116,-0.02995471827983812
2775,0.007785501833473341,-0.037982096300178375
2777,0.00880274074495708,-0.035932182518619404
2778,6.318886344296192e-5,-0.03965897080455947
2779,-2.0631187619870656e-4,-0.03888579397262107
2781,0.0237356450355049,-0.015609679316314747
2782,0.033873419578280134,-0.01837984865814944
2783,0.03678871030856262,-0.03131222301571794
2784,0.029320682840731423,-0.04461480573136286
2785,0.03466391312418232,-0.03634525150273988
2786,-0.03533803702333192,-0.016690445024515468
2787,0.033382180822544225,-0.03859422839374434
2788,-0.01832272286633644,0.00203688037428641
2789,-7.425939432603e-4,0.02778423840180738
2790,0.02067668432092758,-0.032256000910072094
2791,0.0027022770989603385,0.006663359372124352
2792,0.032971301294180494,-0.011140049737843527
2793,-0.020294946175879024,-0.012787029118979783
2794,0.02891774892967334,-0.014239775419938046
2795,0.026630995011328183,-0.0401755395030801
2796,0.02080555822153813,-0.043061162813214426
2797,0.0404194794616605,-0.007975180571908824
2802,0.02092196979558562,0.02745685190121308
2804,0.024446155264249647,-0.02574991800585403
2805,0.03762349029478356,0.002880341942971504
2806,0.03447966078747383,0.005657549907892814
2807,0.03287476380108827,3.1207267240470845e-4
2808,0.033011678677533386,8.549116488408185e-5
2810,0.02895702001694544,-0.0038700867164712374
2811,0.034773833204573286,0.026562634337690606
2812,0.030756904229351477,-0.010976380029084954
2813,0.023735645035504904,-0.015609679316314753
2817,0.0237356450355049,-0.015609679316314747
2818,0.024032140180642834,-0.015387477564434574
2819,0.0237356450355049,-0.015609679316314747
2820,0.023992690125104008,-0.01566727925325374
2821,0.023735645035504897,-0.015609679316314743
2822,0.023735645035504897,-0.015609679316314743
2823,0.03017598128927481,-0.015775082280373085
2824,0.03007397094401738,-0.01470428751352033
2826,0.0237356450355049,-0.015609679316314747
2827,0.0237356450355049,-0.015609679316314747
2828,0.03022978666980041,-0.01091332759182797
2829,0.028257605040491594,-0.012302191103016518
2830,0.029596146774655642,-0.012532264492233908
2831,0.02878606010201962,-0.011722706326064175
2833,0.034435001603876164,-0.001614074101085627
2836,-0.0016565881281308734,-0.05834614357460804
2837,0.016159662337590985,0.03301681019471397
2839,-0.008405824354062947,-0.045903324027820346
2841,0.025398929086393202,-0.028284129726839434
2842,0.025703170706516426,-0.016734650584316706
2843,0.028505677390977237,-0.014774248912947145
2850,-0.007766884586902119,0.03303269071601966
2851,0.04243071848634178,-0.0013951439524477417
2853,0.034829674280560885,-0.016168891244641683
2854,0.03714174741836043,-0.012980801409164792
2855,0.019277831240357406,-0.04228479770793982
2856,0.03540210343725242,-0.019930961527627473
2857,0.023395487496124242,-0.0177863724186687
2858,0.035237228517103855,-0.01918221019524197
2859,0.03858204356174184,-0.010965323224284302
2860,0.0237356450355049,-0.015609679316314747
2862,-0.0018134341233584396,0.0426301136578198
2863,0.0015360237953044391,0.027695781111774988
2864,-0.0025462874089733963,0.03132882113312495
2865,0.037459464731361386,9.56573818193349e-4
2866,0.025552007506253513,-0.017433809429651285
2867,0.02538717869000913,-0.008855850331459955
2868,0.0237356450355049,-0.015609679316314747
2869,0.026817049260078867,-0.009896442586446176
2870,0.0237356450355049,-0.015609679316314747
2871,-0.006100533066432647,0.04304395372637416
2872,-0.005952915998642669,0.0390911780889202
2874,-3.2120211687518415e-4,-0.02937931493595573
2875,0.0018520107760649424,-0.025893658980963373
2876,1.7111832550354664e-4,-0.029673543958914538
2877,0.001086522572972909,-0.020797065449461666
2878,5.424173905119988e-4,-0.027262544434919444
2879,-0.025481935451047395,0.015600262170211073
2882,-8.569864418842372e-4,0.04500461217095976
2883,0.02956946179096247,-0.013609159171537093
2884,0.025651145820667434,-0.029894601849292404
2886,0.0237356450355049,-0.015609679316314747
2888,0.03541837813700664,-0.01879927092494947
2889,0.023735645035504897,-0.015609679316314743
2890,0.02207980806891011,-0.014063395690153973
2891,5.007967572337752e-4,0.02658172628156639
2892,0.0237356450355049,-0.015609679316314747
2893,0.025673850618824837,-0.026289215578496
2894,0.027992604724164125,-0.025123756598018583
2895,0.029664659876370344,-0.023292785402705466
2896,0.023735645035504897,-0.015609679316314743
2897,0.0265864720727395,-0.02188179804251446
2898,0.024627103310204485,-0.024272186573156447
2899,0.024170571791018895,-0.02533379588635696
2901,0.026049057251350545,-0.01714376040322796
2903,0.016728064794148876,7.732205606941433e-4
2905,0.018268009829472787,0.017402616105124738
2906,0.024907513494901168,-0.0157537611231681
2907,0.027754689643641074,-0.02991582894511494
2908,0.026614095175272714,-0.025352048261674788
2910,0.023834598420045365,-0.016955218347598496
2912,0.02866450730318932,-0.02445268153712418
2914,-0.004195640272828044,-0.03498580216217133
2916,0.034934270475117594,0.001920697992005386
2918,0.032049113951151426,-0.021987412318781843
2919,0.0237356450355049,-0.015609679316314747
2920,0.02391624195297847,-0.015650540568500394
2921,0.022690326810152043,-0.0292687873474068
2922,0.02392568556848928,-0.015652626720270242
2923,0.020525161142556786,0.034084723055124874
2924,0.027155456797929224,-0.015498697262671023
2925,0.02824491125787979,-0.01964544560662317
2926,0.024228417691409872,-0.03130801974004491
2928,0.027708256946466503,-0.012561018576705487
2932,0.023735645035504897,-0.015609679316314743
2933,0.032492458134734344,0.0023609943299858385
2934,0.03462020737875781,0.018012508158090707
2936,0.03236107250693621,0.027401761862749518
2937,0.03467307063411006,0.011554225812428287
2938,0.03595783143403778,0.02565355821613607
2939,0.03126514350600057,0.028356934507049507
2940,0.034318100617650706,0.01556604076411497
2941,0.03497098613034442,0.028031216879256665
2942,0.0237356450355049,-0.015609679316314747
2943,0.027135416432080277,-0.02927471814644462
2946,0.03305554798071091,0.029772380909518063
2947,0.03360585997408828,0.021830885129926175
2949,0.017746343320198116,0.01172125032461941
2950,0.02557310807082992,0.03044656932341554
2952,0.037880389226600385,0.020068324140231165
2955,0.036436465205498314,0.02685628689459355
2956,0.03604243455499818,0.018632449124214474
2957,0.031157990860428933,0.027561893087761122
2958,0.03392077941374118,0.02147286444560682
2959,0.0322069753258687,0.0278628539000191
2961,0.0360795377156444,0.026059284430080296
2963,0.034310723336937264,0.031942346116810585
2964,0.03394361201523398,0.02005694614258378
2965,0.006768083849783895,-0.05416013079099913
2966,-0.009971454153636027,-0.028842121428624592
2968,0.022059006960072996,-0.022150358162686987
2969,0.030322495872406124,-0.02350225135486414
2970,0.025269525853512907,-0.015637811658973544
2972,0.00715637636940128,0.025829298837950168
2973,0.032884611934812034,0.0027375343956889658
2974,0.025505543168937852,-0.015610267818947135
2977,0.02633103033661217,-0.019357755814611074
2981,-0.021162616812731218,-0.00719600676910578
2982,-0.02817679251128418,-0.017901634610688832
2983,-0.03306471290569656,-0.011113005134691455
2984,-0.027949348397184028,-0.01573135850676799
2985,-0.025594168643862165,-1.816440173957844e-4
2986,-0.029332780135410373,-0.0144225374992234
2987,-0.02869196905771884,-0.01234720642656499
2989,-0.024231493628504814,-0.012820971731497141
2990,-0.028005691401083804,-0.015730563226413096
2991,-0.027401012283555473,-0.021383534264126706
2992,0.03644949506980082,-0.01307823535531047
2993,-0.03119424775680299,-0.02616780385623308
2995,-0.03541179268863101,-0.004543105760626449
2996,-0.0039888862953749256,-0.014805597516928701
2997,-0.03324093444802644,-0.012005743462015845
2998,-0.033555841292763525,-0.00483512127912756
3003,0.0237356450355049,-0.015609679316314747
3015,0.027840294294886287,-0.01447920473050198
3021,0.041055774591030984,-0.0061514973338639735
3022,0.033232459371864205,-0.012379540857362687
3023,0.03099018073844056,-0.010440413076659187
3024,0.031035545082587632,-0.006771087244388287
3026,0.029983169953135574,-0.013266696776631875
3027,0.032566151846419464,-0.012864572237120741
3028,0.030325093277433154,-0.013000867794733641
3029,0.03568060876657552,-0.01140557921214794
3030,0.038827521113257144,-0.006833485116881853
3031,0.04059347308490043,-0.00952624776762072
3032,0.03283276342028832,-0.013326126167455096
3034,0.041637455603000924,-0.00863232160387916
3035,0.04138616081327017,-0.009263738727118106
3036,0.034321823627929265,-0.012244117465634698
3040,0.04163371057652353,-0.009615366799401566
3044,0.04183141605438576,-0.006634281866880601
3049,0.039880802417660045,-0.010540857865024632
3050,0.041847314698401195,-0.008225441281630764
3051,0.04020389567309365,-0.008322630401172417
3052,0.03989947311376644,-0.010842625531327706
3053,0.04012111571393283,-0.00884112269736843
3054,0.041303611420960284,-0.006383968181978415
3055,0.04036572553821707,-0.008028064673265218
3056,0.03753436253312452,-0.010748854607949023
3057,0.0301276476336546,-0.014021088463839624
3058,0.034641902847054186,-0.012825556290008006
3059,0.03968445719620144,-0.010022181222240002
3060,0.03757616272860608,-0.010868152625945806
3062,0.03629909507935914,-0.013616237357803094
3063,0.03929971798415647,-0.009345453231172128
3064,0.019858546504486912,-0.005613933121657923
3065,0.03995647710147987,-0.008554065920581727
3067,0.03812766190413053,-0.011238006954088692
3068,0.03810801362844556,-0.011148662721697329
3070,0.03671756024980318,-0.012478394922632195
3071,0.027170960303381647,-0.016665857359309064
3072,0.0170504537616318,-0.02875146482497877
3074,0.023735645035504897,-0.015609679316314743
3075,-0.004651527916565403,-0.01660111852042849
3076,0.017960672388790514,-0.027829283495013592
3077,0.03463154337479653,-0.03246203721439592
3078,-0.0024941533204692113,0.043419053416525556
3079,0.040812304116224475,-0.009032202141817451
3080,0.0012951040479108327,0.041011447566141015
3081,0.030032799854912248,-0.0202623892460966
3083,0.027299246086469636,-0.014860029733147206
3085,0.02497116638932983,-0.01559390964271043
3086,0.0237356450355049,-0.015609679316314747
3087,0.00825072519776078,-0.05516632251664371
3088,0.028753010396614175,-0.01489488730227364
3089,0.024963696765584697,-0.015845198008892513
3090,0.0237356450355049,-0.015609679316314747
3092,0.033224823328681784,-0.004804945583016502
3093,0.023735645035504897,-0.015609679316314743
3094,-0.009646988554511472,0.02829640887684366
3095,0.031136781689219198,0.018616396663643484
3096,0.03527089311168381,0.002403789132434845
3099,0.01919339817946825,-0.03476221751913516
3100,0.02008971979191337,-0.027303022421261453
3101,-0.019022423150659763,-0.011510134579178344
3102,0.020370463320671273,-0.03213768829831415
3103,0.018208509849805283,-0.030752217266784603
3104,0.01649646184358384,-0.03164894565336101
3105,0.021922646738707575,-0.026863476364348254
3106,0.023735645035504897,-0.015609679316314743
3107,-0.0023436276099831265,0.013684774576126874
3108,0.026458123573410892,-0.014736484544718138
3109,0.0196794177222659,-0.006585268729534819
3110,0.0314477570691565,-0.03485289683564418
3111,0.027530567981071948,-0.005644062125602668
3113,0.030889670698212298,-0.008331433838561737
3116,-0.023596277540572707,0.01341236347512306
3117,0.020485700587286017,-0.04407033438010196
3119,0.03133635502077922,-0.014167148572691749
3120,0.028692998472877342,-4.340717045965066e-4
3121,0.02191702345532945,-0.03199891475537888
3123,0.023473796851150697,-0.01853193226663307
3124,0.018048280882745342,-0.00403715888788932
3127,0.020136553239264894,-0.04513194638723495
3128,0.02449572974268248,-0.015636744957907504
3129,0.023596948510919015,-0.02007493799172475
3130,-0.003827674468566162,0.022365646121063218
3132,0.038779060700251236,0.00958246109487121
3133,0.031695641037380325,-0.034289347635599626
3134,0.0237356450355049,-0.015609679316314747
3135,0.030960672113949102,-0.01435347768317
3136,0.009349698296675334,-0.043120031891165256
3138,0.02444003249070039,-0.015412044817154613
3139,0.024404602907352375,-0.03004412940817532
3140,0.023735645035504897,-0.015609679316314743
3141,-8.872494564649277e-4,-0.02972626310702457
3142,-1.515320495650635e-4,-0.026113989484938302
3144,-0.023183342423383067,0.010382411495791328
3150,0.03890030003751726,-0.003141218952589747
3151,0.026936074490232446,-0.024001986226500235
3152,0.02759594138847848,-0.024327392319787228
3153,0.026553093866106627,-0.025227685412743523
3154,0.02607360290635528,-0.02231167321556663
3155,0.02427500212732621,-0.025874606884457592
3156,0.02405280471149181,-0.02626426130887192
3157,0.024907830128461084,-0.025163846241662086
3158,0.025566148287770714,-0.024366584171120188
3159,0.03828897948283371,-0.004800839666077175
3161,-0.010453945713967098,0.043664614280417
3162,0.010662564173303113,0.009269538479317717
3165,0.02499712648354087,-0.024766565171482503
3166,0.0049338243283911535,-0.04507730070470465
3167,0.03119272060682763,-0.018761879098534825
3168,0.0237356450355049,-0.015609679316314747
3169,0.0237356450355049,-0.015609679316314747
3170,0.0237356450355049,-0.015609679316314747
3171,0.0237356450355049,-0.015609679316314747
3172,0.0237356450355049,-0.015609679316314747
3173,0.009502810189211426,0.022209708128276936
3174,-0.0011731929929184514,-0.013228649399571846
3175,-0.01048295174262727,0.04622988044323277
3177,-0.0130737816307892,-0.011378667613498811
3178,0.040240877606404275,-0.0023318267838224687
3179,0.015098639315817798,-0.016199859756936184
3180,0.027560685518674525,-0.015044887948689606
3181,0.025361755010233532,-0.015794943954348203
3182,0.027417560999542713,-0.014982830893155594
3186,0.030100460249201884,-0.002550391122219968
3190,0.0302085153369322,0.02780354835093613
3193,0.01894115414636861,-0.04208559370270274
3194,-0.021574546050794494,-0.03044434970245816
3195,0.024495256347872186,-0.03792578346888258
3196,0.02095059229517381,-0.044840619448007664
3197,-0.011570426721448897,-0.03800243678520686
3198,0.018982805606549216,-0.046736602533240565
3199,0.019650326037545296,-0.04186127495801185
3200,0.036068719034369257,-0.01897050987036435
3201,0.02297379154727078,-0.042865790595442196
3203,0.021444175792077243,-0.040696672533469244
3204,0.03837399743191963,-0.01281116194583391
3205,0.028642658973527607,-0.029752080824895305
3206,0.022678649837748772,-0.04243815293122982
3207,0.03658934576832392,-0.01875249941879479
3208,0.036009578816361056,-0.021341833456618123
3209,0.019058778554795708,-0.04110597291323543
3212,0.03729369162657182,-0.006777810018934746
3213,0.022440348396181694,-0.01332890997260679
3214,0.014510368256672323,-0.04481724374168099
3215,0.025183073782555535,-0.01476080144564349
3216,0.03429418091204373,-0.014246778376329814
3217,0.03299388897648708,-0.013763734654012559
3219,0.03110708396947454,-0.017620948826239748
3220,0.03501814040858802,-0.027450244854509746
3226,0.02664641885497472,-0.00638645779221193
3249,0.026917422619233744,-0.015018014476545568
3251,0.01729910854830297,-0.033010199671033566
3252,0.016989605191416842,-0.02866262434740972
3253,0.025986303883197847,-0.011604736039570646
3255,0.005916436601734161,-0.0435770232919397
3257,0.013179604860895134,-0.035941330895273745
3258,0.005950729269894776,-0.038593079306916675
3261,0.008776961444669029,-0.045181145495562534
3267,0.009056372310374212,-0.025865638037471436
3268,0.01676474563684443,-0.039537217876163565
3271,0.015593826097612219,-0.035937342440642214
3272,-0.009376525140287554,-0.039020353215946435
3274,-0.007783900825645389,-0.04205960656926146
3275,0.01447791426156805,-0.0459632244252585
3276,0.02362763594527531,-0.040088997129530624
3277,0.023637586191861654,-0.03455574039973083
3279,0.014670013453523157,-0.03268636991111056
3280,0.024605803593377766,-0.03644677458305972
3288,-9.833506611927757e-4,-0.043498371866719725
3289,0.0036485427475344834,-0.0382915169089992
3291,0.011520039972462717,-0.034606332798163046
3292,0.013173583077933773,-0.03725185733891248
3294,-0.01739091573129263,-0.01814052738231012
3295,0.0011065855816827536,-0.030993387461617623
3296,0.024540175333404343,-0.014428566806805118
3298,0.013574028723470336,-0.0440099456574302
3306,0.002147453112504319,-0.04357749110512324
3307,0.013818986202901251,-0.03738671666472279
3311,0.02551347346685008,-0.03577518156487661
3319,-0.0021883834952687764,-0.03548978372366375
3321,-0.013567313616741463,-0.034124667419393885
3322,0.008285903826046964,-0.023725093606537396
3330,0.002380655061108141,-0.04586542334228147
3342,-0.005738381374278711,-0.039615755462833815
3343,-0.038517222345496,0.009502310535895902
3346,0.00757027947483394,-0.0076001318491248394
3348,0.02499851873207487,-0.03842675271519862
3350,-0.03424859414641945,-0.013706408675410077
3351,-0.034599925197172914,-0.0095314585700840785
3352,0.01650273017630382,-0.040049498295361724
3354,0.02311269633809096,-0.049956148464220175
3361,0.01709454168706996,-0.058187488389844506
3362,0.03077960187718015,-0.03136930733588907
3364,0.02470324332859523,-0.020019920690514125
3366,0.0306340665402179,-0.03619614765812156
3367,0.03128690061447696,-0.03953575429715774
3368,0.012686191720068933,-0.002493204380153798
3371,-0.009642032817977384,0.044114304855137794
3373,0.03894264118110208,-0.011819436483356574
3374,0.03914803941325553,-0.007927984549416
3375,0.039395928824390206,-0.009466827451750499
3376,0.014397126392078196,-0.028668912545298977
3377,-0.013189277578640213,-0.05163680263882656
3378,0.026101231781563743,-0.015132269923211624
3380,0.0077952936675645965,0.001929362334742938
3382,0.0019359959591348209,0.02503272560244163
3383,0.02711260941558165,-0.014660199415607708
3384,0.02545985064758691,-0.015620987132916335
3385,0.025222866601800092,-0.015801639113312786
3386,0.02666180136363073,-0.01700466780551366
3387,0.02487934551852968,-0.02776178095218673
3388,-0.015802702772271773,-0.05211960710952149
3389,0.002901257906077695,0.03217161463408204
3390,0.03487949560502106,0.01991455326084729
3391,0.03889968581375541,0.0031579967512861667
3392,0.039880760654068544,-0.0018111848244445404
3393,0.03649203775123828,0.006489363514897927
3394,0.03906118973696856,0.005449616864199594
3396,0.03424013979479414,-0.027210984159115246
3397,0.03650983189790026,-0.02123280827876661
3398,0.03484949235660307,-0.02668363274090998
3399,0.02829304393846564,-0.017393885651871357
3400,0.03972214964667015,0.009351899134009748
3402,0.024460777642733404,-0.024780600901496138
3404,-0.011410578542757146,0.0211790788905431
3405,0.021694128993223392,-0.005186414144912783
3407,0.030997304555264428,-0.013973810970748337
3408,0.0237356450355049,-0.015609679316314747
3409,0.029305848196775997,-0.035514421724907014
3410,0.02655025305238571,-0.04183159114608525
3411,0.023735645035504897,-0.015609679316314743
3412,0.0299317300376622,-0.025374931297690806
3413,0.03846739792572289,6.307439388888728e-4
3420,0.035852260566949234,0.00168365005553946
3421,0.03493737470293225,1.2786681544422934e-4
3425,0.03975668534807452,7.994684040763577e-4
3426,-9.83013413613652e-4,-0.03263236438296076
3427,0.03526840335948658,-0.0031488570289098594
3430,0.038262173694668,0.0016984851521113528
3431,0.04000878034286138,0.0013436626974986264
3432,0.03797039266181535,-0.0014478549299796815
3434,0.04026764014181736,-0.0031721331616589494
3435,0.04010062076160782,5.415554497219047e-4
3436,0.039509267948897246,-0.0015933117447870344
3438,0.036414058426791546,3.0179949631742824e-4
3441,0.02967196549966521,8.323117473777749e-4
3443,0.04060200878544844,4.3437783872985977e-4
3445,0.040340232911666676,0.002358049461074916
3446,0.03935508276288635,0.002098890493976036
3447,0.03834261050791459,-0.0014683493199015901
3448,0.040187380981088754,9.353708562219773e-4
3449,0.04067305436798421,-4.369936998973666e-4
3450,0.03980777490485246,-2.6421226202641884e-4
3453,0.03703118190887411,-0.0023119086333968884
3455,0.04043426783087073,0.0010347237952913013
3457,0.0399432146664966,1.7309369729992627e-4
3458,0.04043252489787924,0.0012845330509505268
3459,0.03935440865372317,-9.825724475939328e-4
3460,0.0395774652591094,0.001153569244127354
3461,0.03929723839610178,-5.309567049448607e-4
3462,0.03902074606036008,-4.7413988691457173e-4
3463,0.019627976983028584,0.0032852500575236312
3464,0.022752565162384723,-0.001719361823532342
3467,0.03645747746199173,0.007043696312038529
3470,0.0237356450355049,-0.015609679316314747
3471,0.025982619786724677,-0.015425217110503858
3472,-0.016745520049995365,-0.0012941776196928692
3473,-0.01829090423166467,-0.014623754646555824
3474,-0.01588649170893302,-0.05095603872516453
3475,0.034048017073859696,-0.011939546686001423
3476,0.02218828753570586,0.004772798996763778
3478,0.03790073281074561,-0.011705591044953627
3479,0.03928880048484454,-0.005514059798801835
3480,0.039629160922998896,-0.011536717303604314
3481,0.016068243136616266,4.575736171933683e-4
3483,-0.013348093519690673,-0.04218542782476976
3486,0.03766366156865225,-0.010129257253295953
3489,0.026546278247744515,-0.01588970077301985
3490,0.03157673152175504,-0.010192694102344824
3497,0.01659145030072106,-0.05365075723480414
3499,0.020179719648402986,0.0025606931161210895
3500,0.017633733850007303,0.0013271207220355928
3501,0.012686191720068931,-0.002493204380153793
3502,0.01548468654922856,-1.8197932308681908e-7
3503,0.0237356450355049,-0.015609679316314747
3506,0.019350565365793337,0.0026930362504499535
3507,0.008007131876682196,-0.041720667500724694
3510,-0.001982574490874632,-0.059662258736729534
3512,0.03390317682266721,-0.01842770824299413
3513,0.03039879295568375,0.021752579192733344
3514,0.02850530823163006,-0.027756681953417295
3516,0.023734471281288354,-0.03617324787156649
3517,0.028801165297689828,-0.023200458650675163
3518,0.020208814534605206,-0.004895017160151415
3519,0.03194342528845515,-0.020746678868014238
3521,0.023354311456172016,-0.01479032855117674
3523,0.02657353949108984,-0.04130195602445402
3524,0.025687286393024356,-0.03624388776237091
3525,0.012855735848962655,0.02131615678591724
3526,0.025418347991651918,-0.040791252506248175
3527,0.036707049126231635,-0.021004357685285177
3528,0.019517399944531125,-0.02471633527966903
3529,0.03600020993878506,0.020366998497688818
3530,0.037883949476975466,0.0161078686144797
3532,0.031208614616505374,-0.04302875143709686
3534,0.026994513515868124,-0.048320834698122046
3536,-0.006386840870281741,-0.037915879827968055
3537,-0.005573365151646287,-0.03816175575000567
3538,0.0237356450355049,-0.015609679316314747
3539,-0.0026287879525489625,-0.03180958425970977
3540,-4.3199210222988154e-4,-0.02748196034254679
3541,0.032061620565019995,-0.015131398572287055
3542,0.02503316486923438,-0.02116736279944352
3543,0.027480405405660217,-0.012493491989917664
3544,0.026658232109459452,-0.022392340371848903
3545,0.030070114690679182,-0.016764389571200623
3546,0.02908961836169531,-0.01891418560465632
3548,0.027326831795624857,-0.020274127238475412
3549,0.029124350247376526,-0.018775231695924564
3550,0.02287904317185399,-0.023698351533163554
3552,0.0237356450355049,-0.015609679316314747
3554,0.016133539279351513,-1.019240236149274e-4
3556,0.013864223355397333,-0.002128507994735921
3557,0.029034861403577847,-0.019154527781784197
3558,-0.0017379245231605416,-0.006844287890770166
3560,0.024136800592623173,-0.010981894688658064
3562,0.015098388618235245,-0.008057769572356576
3564,0.015583074320663534,-4.3863954076582865e-4
3565,0.012686191720068933,-0.002493204380153798
3566,0.012686191720068931,-0.002493204380153793
3567,0.012686191720068933,-0.002493204380153798
3568,0.012686191720068933,-0.002493204380153798
3569,0.018196094912805806,-0.0010159044222894985
3570,0.015621877980501339,-0.001475898796777587
3572,0.012686191720068933,-0.002493204380153798
3573,-0.02459682843573462,0.006379405225965959
3576,0.030126687272453406,0.013512490836335786
3577,0.02545015054870145,-0.028537473776776436
3578,-0.01062513511662873,-0.03886451934020769
3580,-0.010485269540898498,-0.03832913223404361
3581,-0.010409241376250631,-0.03995785815410038
3582,-0.007265378273839916,-0.03844242061939312
3583,0.010110573573601117,0.04671696288472005
3586,0.019688456281380724,-0.010062738929234556
3588,0.015214638807783428,-5.458876064732083e-5
3594,0.026026598648651308,-0.021747949508575018
3595,0.025205657806459038,-0.005129881586210781
3608,0.02562233463930678,0.010498218031694626
3609,0.012650255833704126,2.9127196997677176e-4
3614,0.01798089020504742,0.001119041448368309
3620,0.023735645035504897,-0.015609679316314743
3621,0.023944117214512152,0.0021994616120020434
3624,0.028180257358313098,0.002704611709459332
3629,-0.018240392150265128,-0.03346268606168776
3630,-0.01652500240184148,-0.03179000705319545
3642,0.02272010635219042,-0.017994927434436734
3646,0.024372340805214394,-0.014188370402582109
3647,-0.028803912097451145,0.003199559550674919
3652,0.010197949127975718,-0.015471423136635392
3656,-0.02245594569205788,-0.027579624095070723
3657,0.01587298679370436,-0.006264999334767281
3658,0.01685885883846907,5.998217789763782e-4
3666,0.02192697652467883,-0.021737790083351645
3667,0.0237356450355049,-0.015609679316314747
3669,0.019607507065763967,-0.013726029362873876
3671,0.03203094283164407,0.008912017172359765
3673,0.03372926097583526,0.0015502772197166516
3674,0.025090082085412368,-0.014928281593550896
3682,-0.03235901312878411,-0.0068560497977358135
3685,0.00956944452729355,-0.012822196650009028
3687,0.014240150999351565,-0.0068072480856725265
3690,0.022227360307669176,0.0029979251170747867
3691,0.018639630736607644,0.0023118550724428246
3693,-0.006436651195238385,4.580550547042141e-4
3694,0.02846084617867323,-0.016543580344166697
3699,-0.024952418517259555,-0.010643030201867815
3700,0.022254495947042322,-0.016554497143330835
3701,0.039290811904348334,0.0044427078133481715
3705,0.022212680807632442,-0.025493185646534435
3708,0.0263479909649912,-0.009831723011514174
3709,0.026613007991773775,0.005536805351694185
3711,0.025969543782266975,-0.029543402320916935
3716,0.010245819622865275,-0.016015089485237832
3720,-0.025557473421655576,-0.03763647890974083
3722,0.018178866639926967,0.00323752147413468
3726,0.023735645035504897,-0.015609679316314743
3727,0.03176520969021859,0.012188051111854042
3735,0.022789374374927996,-0.0024906359354860213
3736,0.015499184878328121,-0.01824673354540333
3738,0.019347497249412628,-0.02987806031581328
3747,0.03442146281153822,0.0011279978420299817
3749,0.0237356450355049,-0.015609679316314747
3752,0.02594340362503751,-0.01539223636524004
3756,0.014524529939835678,-0.01639364976437446
3757,0.023735645035504897,-0.015609679316314743
3761,0.031106957322893453,0.010681426417314847
3762,0.039279246350661816,0.008713209183329438
3763,0.040182373384613855,0.006507310253351426
3764,0.03247925013610928,0.002136374457484491
3781,-0.025758291366024328,-0.02942492760616604
3788,0.029517024976201376,0.011511364571482595
3789,0.023641180501882957,-0.011339625815437357
3797,0.02606393168643565,0.003774555710239985
3798,0.01574295341087232,-0.004163705559380317
3799,0.023069588422124063,0.03059586645180206
3808,0.018958043632891053,-0.008895881553601059
3810,0.020647634210619076,-0.013690509344664847
3822,0.028017919746159296,0.016491454900216935
3824,0.028796434453338113,0.01419964359066099
3828,0.030458721193084595,0.00585571777637177
3829,0.02836782852263682,-0.009244100049280606
3831,0.02125414038542804,0.04016432543988967
3834,0.019276876572975887,7.251492509375743e-4
3835,0.032403896569749686,0.017120243733420533
3836,0.031158154006973603,0.008045979456644073
3837,0.03385456323507523,0.011542596355397703
3838,0.03360815250113715,0.01292472574982969
3841,0.031307662950559666,0.00936881418237869
3842,0.033518583323178426,0.011665585021589169
3843,0.0304036865401873,0.00797969299370656
3844,0.030820654609003312,0.01340671460654287
3845,0.02017113622240956,-5.412071540655438e-4
3846,0.020119539815867102,-0.0024235347800990008
3847,0.030218041830020966,0.014595079510699858
3848,0.033611470728054725,0.011770344799816113
3849,0.03094554728141424,0.008226475490696342
3850,0.03418102588565501,0.0102624772643875
3851,0.03069148784841588,0.01329024832436204
3852,0.03096068972319327,0.008188945470614481
3855,0.013696615361882807,4.506835657747953e-4
3856,0.03426417313251368,0.010076001167762933
3857,0.03363023349406281,0.010629144194584625
3858,0.03133385487083123,0.006541482044933975
3859,0.03393017783243105,0.012114504106654187
3860,0.031679890543258656,0.01781472384849487
3861,0.013839885569887744,3.708525109884169e-4
3862,0.027883717268931536,0.004748986858392503
3865,0.012686191720068933,-0.002493204380153798
3870,0.030262460616645805,0.013882589539906792
3876,0.02310550360641842,0.036047896106224574
3877,0.02176087127371154,0.040046267346889715
3888,0.03541320465051972,0.014841638375823729
3889,-0.00570233196433708,-0.04579278384163518
3893,0.02685976274445521,-0.0024558356534688792
3901,0.017731869484153638,0.038865527773966096
3902,0.02062404883084165,0.033785683018571974
3905,0.031139670112199386,0.016634007498110434
3908,0.025894257029127735,0.028793669991373397
3920,-0.006675864610406608,0.019771082547071023
3921,0.017277160057611762,0.034075559324946866
3924,0.03351343467783244,-0.02326896016309385
3931,0.012631377236403663,0.034579338924872756
3937,-0.003907079365585128,0.01259654370088592
3940,0.020832375251481187,-0.005647541007201369
3959,-0.018656514370938116,-0.03402340414573513
3977,0.03275815978395277,0.018534938224381795
3978,0.03727834023763861,-0.006125934249099262
3979,0.023027341175569024,-0.031006548521702954
3981,0.034227156546287114,0.015334989375919778
3982,0.02824084734246005,-0.01194094012102912
3988,0.03894231469114563,0.007443854772070185
3989,-0.014980011562869438,-0.05241349462428453
3998,-0.011794219288556626,0.01794392765130808
4002,0.025184448440677257,-0.002132959620173085
4003,0.03397203156247882,-0.006339231395982419
4004,0.027425858519037182,-0.007424261629095428
4006,0.03115715255542368,-0.00721118767716014
4007,0.03660877049136617,-0.006905213829274846
4017,0.03174668988100924,-0.008271749898312097
4034,0.01832496926067157,0.019845697861021815
4037,0.03038670797446554,0.0033398532180783586
4041,0.030238429866274192,0.005871669506136626
4048,-0.020432233298695833,-0.034728869302920226
4052,0.03046398035515358,0.0115078581264548
4053,0.027495771160909746,0.010047644917075459
4054,0.03080476786144734,0.012648731175846304
4055,0.026458108615180453,0.011597681710274681
4057,0.026398338548543634,0.011141514290771173
4059,0.028801314903247156,0.014677895818346475
4060,0.030872760709803306,0.0102269470129253
4061,0.025590003679623198,0.007919042444470637
4062,0.030340735539551855,0.011010549504788017
4063,0.02694870311698146,0.008424560549658315
4064,0.017155064197513333,-4.368960589343272e-4
4066,0.023231660610155254,0.003999714539783479
4067,0.02469394890995924,0.009987537369570422
4068,0.026796902415251646,0.011397378401131876
4069,0.027051205452052172,0.00786913110973664
4070,0.014285756634499191,-0.003749053498633639
4071,0.030240748194842668,0.010166288758450163
4072,0.005211346290902274,0.0023937329873853427
4073,0.02651825249687362,0.006539549314537237
4074,0.008167959917542475,0.004122464188350343
4078,0.030648260695123202,0.01184432389283234
4088,0.023735645035504897,-0.015609679316314743
4096,0.028894012102594447,0.029321284947548057
4109,-0.0021335416863505594,0.033524013635624746
4113,-0.027677126815058795,-0.031790075280070246
4121,0.027695281220392495,0.0050728805326314
4127,0.041555174519268885,-6.115469441978265e-4
4139,0.03913746865485442,0.005876932905502666
4141,0.03858384545762942,-0.0011902235530500383
4156,0.03068496647067667,-0.011129463437879688
4157,0.0352191595135019,-0.008721714262486937
4159,0.03291786485650639,-5.45391271518847e-4
4160,0.037021468949380784,-0.002604864196192792
4162,0.03647186383968582,0.013444339608820036
4164,0.03973469199393546,0.001281653020684984
4166,0.03607486199247148,0.014383357630078681
4167,0.03308792059457771,0.013204386011678289
4173,0.038034113525449276,-0.001819684733757157
4174,0.03254653247067126,-0.004884427571060136
4175,0.030160033922984227,-0.01261464344280901
4181,0.032321049335799115,0.025741488431530388
4187,0.03198254818019139,-0.007261583116844242
4193,0.03440647327232579,0.0147184966371282
4195,0.03247188023307407,0.008603565589739811
4200,0.03137077945036306,0.02883914089086329
4201,0.027789820449643367,0.005236502661243753
4204,0.021420445756275823,0.0361021340507212
4206,0.030711031319109336,0.03227352027910216
4211,0.0026575517732064834,0.027720084142181172
4216,0.012644799462133106,0.041997434375990864
4224,0.03817461688415797,-0.002583134243443176
4225,0.034649601280982933,-0.0057602472243713475
4228,0.03953863915057618,0.005735920209700833
4229,0.01852815561009402,-0.004898115630462077
4230,0.034134845236884766,0.005602938467798078
4231,0.01942798790810079,-0.003997288570285434
4232,0.03070040672832802,-0.01293881735272434
4235,-0.024065472833881458,-0.013500173152571734
4236,-0.01907074574540748,-0.026680915438723647
4246,0.032019523997498474,0.004109835455349785
4247,-0.0286388934387883,0.01822717598197096
4251,0.04051362367018397,0.007992588976545865
4252,-0.0030667287924504454,0.035462252837087926
4254,0.032847275949823826,0.0233162775282035
4264,0.0018540985336183732,0.042423655587774264
4265,0.03973620467816746,0.013728345387104273
4267,0.03188581664032138,0.029507848181396693
4270,0.02755054564462013,0.014945971378288934
4271,0.018045676307212207,0.0071587056755830535
4272,0.04012670444531574,0.0025174274280712885
4275,0.03275954113186146,0.005964378207684717
4276,0.038300740353745664,0.005437351281154734
4279,0.011147713928827038,-0.011451972328988168
4280,0.009863813868819309,-0.011050723863401241
4285,0.024247972279252,-0.015767653403033346
4294,0.03526488712539805,0.022396380782039576
4295,0.007134154511874292,0.03603087081497136
4297,0.02263879130451199,0.03371947063860252
4298,0.02142536131481818,0.0338148166715804
4317,0.03266754830111463,-0.006758669558651148
4319,-0.029168693612825262,-0.004509578020890091
4325,0.008057944210232454,6.97496445371878e-4
4334,-0.029632144604552123,0.02516606461517215
4337,-0.007672933991939372,-0.042352519290967394
4342,0.03732099085243614,-0.010842842950914833
4349,-0.022900538481139415,-0.02603350967868067
4354,-0.007417221989220879,0.04222968656267816
4357,0.01064059626367252,0.01242861496098106
4359,0.02108667026932267,0.02444811181516728
4366,0.03531897551607235,0.006133877662085694
4367,0.007962504364569167,-0.008091981253658207
4375,-0.032517228397587514,0.02733194597892803
4379,-0.034501902385795764,0.021817191735546235
4440,0.031917349826189115,0.028875720791834182
4451,0.030650399350236095,0.005813984260501471
4452,0.03440281061748854,-9.282143588731632e-5
4482,-0.026656249794123787,0.024758199001272792
4483,0.03271827397397741,-0.0038602246759317535
4496,-0.031753551829511305,-0.026481102959553283
4509,0.008993062557980004,0.043401120372301163
4511,0.03560038047900018,0.026202286393525717
4512,0.026661605782348566,0.03796436352718452
4513,0.03968438251818451,0.01639581224365025
4514,0.03588072734546982,0.02313555935157378
4519,0.010536528967502078,0.006573182698171619
4520,0.035562176867876855,0.026546478892691416
4522,0.03543945871572148,0.021379248799872668
4523,0.007177687006028185,0.009594322105168989
4526,0.03724275720851743,0.013874447090208285
4527,0.006286335703798009,0.029761732826343718
4528,0.040652236244664644,0.007944567140191677
4531,-0.00235082307629522,-0.023064700470573914
4532,0.036865030738294384,0.009047154955255151
4533,0.03575438807532032,-0.004669940586440715
4535,0.013795265447481865,0.012974452863778374
4541,-0.032500862713392475,0.011347207053918644
4544,-0.039793031089182786,-0.00330449220312022
4547,0.022832385214450593,-0.01778631822023914
4563,0.035496199891823704,0.012422207667771669
4565,0.03469490125648406,0.012082713349605203
4576,0.0324941340110668,0.016429963531772965
4580,0.034763466328850426,0.008120130251773846
4593,-0.025999641715045377,0.03820775202667341
4605,-0.02439836651426411,0.028245803901127232
4611,0.027410961403894315,-0.00110621878419738
4631,-0.029636326431619914,-0.009786271654118483
4632,-0.03185938395400495,-0.010749350884955529
4634,0.030069845589791044,0.01066011409254481
4639,0.026978949600061485,0.03239604779313816
4643,0.027993057537386606,0.02460634610998814
4650,-0.022611573509549256,0.020336008408049555
4660,0.03979199004819533,-0.008544081822183877
4661,0.030120003016303413,-0.035373248771454285
4662,0.0382160844025989,-0.01360310571898395
4663,-0.026339933091151676,-0.03841346421367724
4665,-0.038170066563661675,0.004701446513463936
4666,-0.025529073844027333,-0.036670091279013994
4667,-0.02376878261146236,-0.03847473481404564
4668,-0.03786646944645984,0.005469587479236495
4669,-0.037419607001130444,-0.01828048920808358
4671,-0.024449297455860608,-0.017726373757941623
4672,-0.027956584127875304,0.009164595747923403
4677,-0.027197497743709862,-0.007145796779800919
4685,-0.03776679233548936,-0.005411211115055316
4693,-0.01947339277236817,-0.031046269647969537
4694,-0.03599645015341015,-0.018007099165469935
4706,0.02988681229438661,-0.009079288710479192
4716,-0.028328965037583288,0.02282085678283288
4778,0.026252735199035464,0.01522329926188559
4789,-0.035757062491223963,7.291147106854075e-4
4790,-0.03323179993290054,0.02608641121661778
4791,-0.022128820681214068,0.04576996605635626
4794,-0.0065815259989791776,-0.0224483012987075
4797,-0.010868879324714632,-0.02630009304726241
4798,-0.01568105332297514,0.03142877443041468
4800,-0.028643933122758702,0.014117288904933785
4803,-0.038084167869959946,0.005532037255340348
4811,-0.017942990132860576,0.009130227553672045
4814,-0.018799515806213116,0.001578718045756723
4818,-0.02220908066776139,-0.012327579519808674
4828,-0.03540719946021066,-0.0012745436416535863
4829,-0.036897995073219225,-0.003117200205459054
4830,-0.004802438425240685,-0.03349177101564269
4835,-0.03153595125115883,0.034191912592920176
4836,-0.03825598614094043,-0.005489981507352175
4849,0.00296930878191525,-0.010347060947561207
4853,-0.030879288791069694,0.032285222826562106
4874,-0.010350190101801703,-0.042328536101618186
4889,-0.02485517356158579,-0.03607342606128895
4894,0.03860335223368174,0.01065097735564262
4919,0.006429665269654505,-0.03329522641743685
4923,-0.030221128797558436,-0.002578079694915643
4924,-0.017827018519326485,-0.04290653206617329
4925,-0.03653476770599194,-0.0015175770128261672
4933,-0.03457137112972263,-0.016420511660195973
4934,-0.03666810424237607,0.005058980424110993
4945,-0.03320280608320393,0.02915612573547414
4946,-0.013882757052896431,0.022140877803482374
4947,-1.1515794325611018e-4,-0.029543653249178035
4948,-0.030125863025680336,0.03871768597183617
4949,-0.03139990729214237,0.03224827501321847
5016,-0.03195981118551,0.02872449452180356
5022,-0.03684417536768784,-0.007730342968700371
5026,0.02742159198724387,0.004949022533884315
5028,0.03404507418704698,0.015325790341379373
5031,-0.03275296256499848,0.022417846398929204
5044,-0.03183778486586477,0.02492665041681386
5048,-0.035193256199965973,0.004540155048294859
5050,0.03124346921414831,0.013059683970117279
5054,-0.02791404830725127,-0.024211834120374774
5056,0.03749196183484532,-0.017468996687595082
5059,0.03573724009863608,-0.008121652042216349
5062,-0.027096399619093166,-0.02081146695453897
5063,-0.029983889595329622,-0.0016811003514291046
5068,-0.037354478893964295,0.009350995583463107
5069,-0.03657378431234666,0.011247044612200847
5071,-0.03621653168453066,2.146310231575316e-4
5075,-0.036721668148379814,-0.011493907752602419
5076,-0.026371236694315823,-0.022806034435663727
5083,0.0399919970132595,-9.581831581737878e-4
5087,-0.028971454923764964,-0.01191796863078228
5090,-0.02819485881622905,-0.007506276607523631
5092,-0.029528778719402557,-0.007738013777386979
5094,0.02797121629684026,-0.017549787207465178
5096,-0.02682717922398034,-0.014410741139824624
5124,-0.021543930753059194,0.005169197767613814
5125,0.037070964550914555,0.010442497735077215
5130,-0.027638795862315792,0.015578488465594037
5136,-0.03923069465192768,-0.00834396012795835
5139,0.04091868062153611,0.0027917216638650706
5140,-0.035560784576333486,-0.02147213562385389
5143,-0.023705198087118233,-0.024818176055083973
5151,-0.012526725305901622,-0.0085403610884181
5152,-0.040790963904407326,0.009405665365047493
5156,2.925516031027019e-4,0.0010996967769606079
5163,-0.012732260084428867,-0.0016395285968305924
5165,0.03950983651711774,0.005373056601410264
5169,-0.037391968204845444,0.001447686024278085
5171,-0.039648067783036464,-0.008299991824127788
5172,-0.0348966159127429,-0.007327353794373489
5174,0.03999831200024643,0.0010277038863661342
5180,-0.038813631205150155,0.012389077062742422
5181,-0.02927314760418092,0.026596250393900914
5182,-0.030740060172524508,0.018969251780569192
5183,0.03948146586530297,-0.00107410323781071
5185,-0.03894093612185231,0.01232413144565577
5186,-0.028065049587070772,0.03428620197844532
5190,-0.012871635309433726,-0.003801507843214582
5191,0.03782007314579599,0.0087555366788919509
5194,-0.037435648883687576,0.008373890797677266
5196,-0.002200108306041183,-0.013972022285611745
5197,-0.025662032191419323,0.019995694748080304
5199,-0.03306945936673164,0.012515198099114897
5200,-0.028817264364987164,0.015646090212137777
5202,0.039369776719600916,0.01379954454769404
5204,0.03811969342309357,-0.0012247143817567618
5211,-0.029956562412257397,0.008142577119256289
5216,0.010858763831324033,-0.04098774905444376
5226,-0.021614700772283984,0.022111673856310597
5263,-0.033603722880780326,0.020204932241618845
5266,-0.0341117159668165,0.0176216512902701
5270,0.03967913592219926,0.006716586065439241
5279,-0.02546599121481237,0.02515858665924192
5281,0.032930046691568994,-0.0035377832180744817
5283,-0.03261522315699915,-0.007801967621395117
5289,-0.021538737849161802,-0.011542048167506862
5290,-0.03550960315941086,0.014080525483460447
5296,-0.03702413555515491,0.013297119608409807
5297,-0.02930919646602853,0.002512608140610144
5298,-0.02881354362834803,0.011438442485984617
5302,0.037190033915815705,0.007315432946206272
5310,-0.029148862411608963,-0.01832230200326473
5328,-0.036209841174623565,-0.011347061224251758
5330,-0.021550445666729694,-0.0031469211497307005
5336,0.04202964543731741,0.002524732433725529
5338,-0.004617921688158549,-0.008614943293318095
5339,-0.02720259063411416,-0.032925579298357655
5340,0.04077054503926222,-0.005306377592493968
5341,-0.03677092278015261,0.008095703028665894
5346,-0.0350844633329758,0.017788216309349625
5378,-0.020005464419663166,-0.032941647319475846
5379,-0.03264413273589323,2.9782178896515046e-4
5380,-0.034460933569074176,-0.001071846446453728
5381,-0.03879444509797426,0.00640077882946365
5383,-0.02573788009437079,-0.018083168808759213
5391,-0.02877931688104939,-0.02210970455894995
5399,-0.00806934839092613,0.012497807308732015
5400,0.03763275667800273,0.014909755763244896
5401,-0.04040658935577115,-5.390619255961087e-5
5403,-0.04021365790135684,-3.4421094239402286e-4
5404,0.0391466521756167,-0.0011982827013153352
5405,-0.03882359084867098,-0.015536659909635563
5406,0.03637354471926452,-0.00978096284228383
5407,-0.039989886155184215,-0.007226542190018548
5408,-0.03620354453779063,-0.02070504716286086
5409,-0.03796316392009395,-0.01736991839407154
5410,-0.011303508331672749,0.016736705927479854
5411,-0.03852571642744008,-0.007466904047408423
5413,-0.013939769318211254,-0.002200362012561111
5415,-0.039454076156866275,-0.012810727382038228
5416,-0.011651420070213768,-0.02367080264107195
5417,-0.031326378416472817,3.4461720042094094e-4
5419,-0.03356334708939947,-0.003954941455325674
5420,-0.03225892631494807,8.053365247589245e-4
5421,-0.03236804748790278,0.01723965869575135
5423,0.04050263354383351,-0.0014343908662667456
5432,-0.004425326944639709,-0.028172029232840415
5441,-0.038387557030713955,-0.0050665423405408805
5442,-0.037588352640492796,-0.004337642553058242
5443,0.03992452206218609,0.0031862329239901684
5446,-0.039162196724808376,0.01133749969549823
5450,-0.021403894604653778,0.02017953008502116
5451,-0.03683900554546092,0.008289885506771207
5453,0.038116349022448176,0.013829212804209118
5454,-0.00729801469438512,-0.023936149712230983
5455,-0.027161817216115186,-0.003717924321630341
5456,0.004422640188454475,-0.019923047332228674
5486,-0.026374717482017668,0.011357876314484327
5491,-0.032051136958323186,0.001413609937360209
5516,-0.014757833788354813,-0.025189797535854475
5518,-0.011376104745359184,0.010224909218365904
5521,-0.03698555580867692,0.024910607777872733
5523,-0.01815394172469851,0.036269659302572026
5524,-0.02915061428759867,0.007827182769381538
5525,-0.02582757672207153,0.032452104558084775
5526,-0.02132168672103488,-0.01587994778272865
5527,0.03423211216235157,0.015361072678279566
5528,-0.026120013338430177,0.0061490220544324035
5529,-0.03856101203858543,0.0042169988659640925
5530,-0.037467303494156605,0.0029548379232890412
5531,-0.021300342350378167,-0.010940064113703797
5532,-0.03241469549435595,-0.021953139437091547
5533,-0.03536858120920962,-0.020369118789384355
5534,0.03300685367836444,-4.5755697898873277e-4
5536,-0.008365482706796044,-0.044903522098268
5538,0.004311419157100358,0.026387035509364463
5541,-0.03475953070624038,0.0322575554397151
5542,-0.024747072240396878,-0.008670615979912652
5543,-0.01201614550565995,-0.01662163070041347
5544,0.04060945241575503,0.0045285248232085455
5546,-0.028814301890312994,0.01960937674298373
5548,-0.029207647206771443,0.009109858755088579
5551,-0.03156340214698201,0.01899842991515241
5552,-0.030533431127458727,0.025737216465975734
5553,-0.03371144346697937,0.033965533395093415
5556,-0.023151341079254782,-0.02661718939629566
5557,-0.017217536121244895,-0.02568943826334185
5558,-0.027934537516283144,-1.2994703514514544e-4
5559,-0.0217545075013217,0.004799934967689729
5560,-0.03682591900348254,-0.002062607238388173
5561,-0.03317715073696755,0.014598201280269693
5565,-0.030990286851548206,-0.04161415021762419
5566,-0.025827497084615753,-0.04343720561693361
5567,0.038052194063298586,7.512707923440231e-4
5571,-0.025805738582610618,-0.002596714345552574
5577,-0.013606740557024426,-0.02519562022242722
5580,-0.022412573670512647,0.010384521602172488
5584,-0.02977414851027409,-0.0010718903657824883
5588,-0.028439754827931523,-0.015762178082100425
5590,-0.03658863318134022,0.0023738282218086835
5595,0.01595879192182457,-0.016199355513143252
5597,-0.02945595325353641,-0.032039216950343605
5598,-0.03852218103237071,-0.010984372491172218
5599,-0.003916325362295492,-0.04766389353481628
5600,-0.038868841121985825,-0.009382747501143958
5601,-0.023709696508653042,-0.05291369015898107
5602,0.01002645936521879,-0.03263388737784062
5604,-0.003351937136943267,0.003202869494118751
5605,-0.024152691087590345,-0.050577156762983924
5607,-0.007690019831432134,-0.014968921515254682
5608,-0.020473287729748314,-0.04218444858812434
5609,0.03874025896047676,-0.022498280526925943
5610,-0.011964187246060623,-0.03001475069435013
5611,-0.005486567126406638,-0.0418111935266411
5612,-0.0221934199557885,-0.02983551651362824
5613,0.0010396033369140998,-0.04435248483341244
5614,-0.036079517426292174,0.013863635983452608
5615,-0.009885403700537965,-0.00139570412837266
5616,-0.005956181890160292,-0.014051712320433998
5618,-0.030939060351447053,0.01229027945196154
5619,0.01807924039175208,-0.005255360692444029
5620,-0.015213639479176257,0.006657410404872653
5621,-0.023789075109662067,0.008398698159145153
5622,-0.017311493224269645,0.01159985516766901
5624,0.004761315646086331,-0.024024253727624234
5627,-0.013705332265575704,-0.030201861078821664
5628,-0.013187879083829401,-0.004224703630136675
5629,0.01645989409078071,-0.009946327999030148
5630,0.015980849213748292,-0.02908562949492352
5631,-0.03322948862943132,0.00749771087575308
5636,0.027806414842110903,-0.013777099826675649
5638,0.020521344990101203,-0.004570929851344014
5639,-0.006484580729633829,-0.013114925622744264
5642,-0.0197370026231304,0.003289728579747168
5648,-0.024170226771379397,-0.02271689365094042
5649,-8.309786906723772e-4,0.004814377618985574
5654,0.003314896587814435,-1.8175871656155075e-4
5655,0.0010800132043132225,-0.02708105097756303
5657,0.01827267965016445,-0.030843611486976834
5658,-0.03672021873055656,-0.006834464008864709
5659,-0.021307210291849264,-0.050082722780936124
5660,0.030681136288784785,-0.021492905616613857
5661,-0.010189241787537325,-0.05680538017541074
5662,-0.037093636047817485,-0.007336523069575148
5665,-0.015893656157588594,-0.04891686027210354
5666,-0.03429387985833991,-0.007706921868946652
5667,0.013979486893190906,-0.03602016159243692
5668,-0.013748278306553669,-0.02004061588472453
5669,-2.6459690282854833e-4,0.008076090604693633
5672,0.013922554929451908,0.023932278638089
5677,-0.010362794113967158,-0.016408976972490993
5678,0.016203393753616725,-0.04287546089752531
5680,0.013094810604750762,-0.04957358011263484
5681,0.008425087327814237,-0.04499855551870606
5682,-0.0010966192227743687,-0.033429821954206726
5683,-0.03153593501797815,-0.03300176607684259
5687,0.022771675692291788,-0.013439381318769926
5688,-0.028945624393784293,0.0015749460345252013
5697,-2.568298897434936e-4,0.004500507159711663
5699,0.001706389095304087,-0.002520381582284191
5700,-0.017993371476925226,0.01912304682013092
5701,0.0029721262854496915,-0.03313486527710252
5702,0.02069103615831629,-0.014782401836714934
5704,-0.022415823889184335,0.02581233332682809
5708,-0.02531152289008991,0.025049567964654334
5709,-0.013211222411282229,-0.06190927640922835
5710,-0.030693439530339067,-0.03552697311923379
5711,-0.030502116471613938,-0.03684864949552792
5712,0.002033718765394035,-0.061013323145158414
5718,-0.03113513510817188,0.022304528672452827
5719,-0.035594635492413346,0.006625162450754645
5721,-0.0033344837771583404,-0.013331490163425186
5722,-0.010956671311021403,-0.054319324320385
5723,-0.011229987847838487,-0.0390271210657259
5724,-0.009351945777850658,0.004175782327145318
5725,-0.03871526585109421,0.005114203595858211
5761,0.03780148503135356,-0.01296195033426043
5764,-0.011504044907003595,-0.02804222143608401
5765,0.009264250401351285,-0.041758360344125535
5768,0.03047158960198034,-0.02979290849534887
5770,0.02477147439525143,0.013341875589579607
5771,-0.0112032052584444,-0.013965068486958403
5779,-0.016112839324194477,0.021778244898686083
5782,-0.01624625913379047,0.008635828005460549
5783,-0.02039928584437211,0.005633067364390864
5784,-0.021837956071783265,0.017626247011390934
5785,-0.015967077351498278,0.008703438342551516
5808,-0.020483600648847626,0.009477625936705068
5809,-0.025463001377813422,0.009219312442427992
5811,-0.02259775482787339,0.005687025773001494
5815,-0.021515866775928354,0.007966961642602487
5861,0.012040758015042017,-0.0453619886215974
5863,0.00961937260149336,-0.004052798073044374
5959,-0.017797023870799247,0.048493800612958306
5964,-0.034338376441847306,0.027789547056279493
5972,-0.010029225177083276,0.032197248454039366
5986,-0.007175897642553251,0.019052701125121158
6011,0.018854470885510517,0.01686199151869698
6023,0.014726284954916777,-0.023096250998618215
6026,0.027149926457336628,-0.002558819594498509
6029,0.02716164892792466,-0.028342278537651228
6112,0.0344183363375896,0.014372113795827575
6126,-0.03687434398949717,-0.01782079965810096
6134,0.03830251871420488,0.005118337480104359
6249,-0.030931933687909117,0.03630608010781151
6301,-0.03744686102981162,0.01847305774933968
6302,-0.036870612105321186,0.019479200639070025
6305,-0.03587195729169918,0.024214192078383864
6308,0.039069251142950553,-0.006061031640768151
6309,0.030970999841529154,-0.0069277795150023995
6311,-0.036191702482609424,0.019618446667189558
6323,0.03317586037229468,-0.014369098877957488
6419,-0.02755516978845575,0.03950815531832943
6420,-0.02392307663506038,0.033416024105155845
6432,-0.031286003213348464,0.03024245521851841
6440,-0.031762021417081995,0.035196840130842164
6477,-0.02913732419832272,0.03466357705605724
6483,-0.022463797584523954,0.04240512409805343
6514,-0.032885816421588096,0.03314359553174476
6515,-0.020930980825837626,0.045715939497352275
6533,-0.023866809981923618,0.03888134597667955
6562,-0.033418458945958,0.028412568754686816
6601,-0.027792632355988778,0.044652453993434316
6791,-0.021395353654915975,0.025588299388943008
6874,-0.02827675505326829,0.034012354642454355
7181,-0.0241436957397175,0.021882712881105125
7381,-0.02148196790040948,0.038288725648780095
7465,-0.02834301954152643,0.023294276287486808
7506,-0.027957294772205647,0.020165901039973295
7603,-0.029388093645686297,0.020427812730037517
7633,-0.026590878747901458,0.027653384821459126
